names,cusine,price,reviews_count,rating,address,url
Padella,Restaurant,£,"3,651 reviews",4.6,"6 Southwark St, London SE1 1TQ","https://www.google.com/maps/place/Padella/@51.5108717,-0.0964752,14z/data=!4m9!1m2!2m1!1srestaurants+in+london+uk!3m5!1s0x4876035768a99e75:0xaf7a08783e07f5a4!8m2!3d51.5051655!4d-0.0899202!15sChhyZXN0YXVyYW50cyBpbiBsb25kb24gdWtaGiIYcmVzdGF1cmFudHMgaW4gbG9uZG9uIHVrkgEKcmVzdGF1cmFudA"
Smiths of Wapping,Seafood restaurant,£££,"1,363 reviews",4.7,"22 Wapping High St, London E1W 1NJ","https://www.google.com/maps/place/Smiths+of+Wapping/@51.504228,-0.0838245,14z/data=!4m9!1m2!2m1!1srestaurants+in+london+uk!3m5!1s0x48760339deb1834b:0x72a0c07229ebd18d!8m2!3d51.504228!4d-0.066315!15sChhyZXN0YXVyYW50cyBpbiBsb25kb24gdWtaGiIYcmVzdGF1cmFudHMgaW4gbG9uZG9uIHVrkgESc2VhZm9vZF9yZXN0YXVyYW50"
Smiths of Wapping,Seafood restaurant,£££,"1,363 reviews",4.7,"22 Wapping High St, London E1W 1NJ","https://www.google.com/maps/place/SMOKESTAK/@51.504228,-0.0838245,14z/data=!4m6!1m2!2m1!1srestaurants+in+london+uk!3m2!1s0x48761d337cd558a1:0xf287ce328572d76f!15sChhyZXN0YXVyYW50cyBpbiBsb25kb24gdWtaGiIYcmVzdGF1cmFudHMgaW4gbG9uZG9uIHVrkgETYmFyYmVjdWVfcmVzdGF1cmFudA"
SMOKESTAK,Barbecue restaurant,Not Available,"2,622 reviews",4.5,,"https://www.google.com/maps/place/Il+Bordello/@51.5236833,-0.0904477,14z/data=!4m6!1m2!2m1!1srestaurants+in+london+uk!3m2!1s0x4876033abf22013f:0x4e448b5a870cea1b!15sChhyZXN0YXVyYW50cyBpbiBsb25kb24gdWtaGiIYcmVzdGF1cmFudHMgaW4gbG9uZG9uIHVrkgESaXRhbGlhbl9yZXN0YXVyYW50"
Il Bordello,Italian restaurant,££,"1,170 reviews",4.5,"metropolitan wharf, 70 Wapping Wall, London E1W 3SS","https://www.google.com/maps/place/Il+Bordello/@51.5066137,-0.0701131,14z/data=!4m9!1m2!2m1!1srestaurants+in+london+uk!3m5!1s0x4876033abf22013f:0x4e448b5a870cea1b!8m2!3d51.5066147!4d-0.0526072!15sChhyZXN0YXVyYW50cyBpbiBsb25kb24gdWtaGiIYcmVzdGF1cmFudHMgaW4gbG9uZG9uIHVrkgESaXRhbGlhbl9yZXN0YXVyYW50"
Armouries Restaurant,Family restaurant,Not Available,5 reviews,3.4,"Tower Hill, London EC3N 4AB","https://www.google.com/maps/place/Armouries+Restaurant/@51.5066137,-0.0701131,14z/data=!4m9!1m2!2m1!1srestaurants+in+london+uk!3m5!1s0x4876034955beb807:0x2ef39a6ede339109!8m2!3d51.5082228!4d-0.075929!15sChhyZXN0YXVyYW50cyBpbiBsb25kb24gdWtaGiIYcmVzdGF1cmFudHMgaW4gbG9uZG9uIHVrkgERZmFtaWx5X3Jlc3RhdXJhbnQ"
Le Pont de la Tour,French restaurant,£££,"1,104 reviews",4.3,,"https://www.google.com/maps/place/Paladar/@51.5066137,-0.0701131,14z/data=!4m6!1m2!2m1!1srestaurants+in+london+uk!3m2!1s0x487604a341961979:0x24ad261bc8353bc7!15sChhyZXN0YXVyYW50cyBpbiBsb25kb24gdWtaGiIYcmVzdGF1cmFudHMgaW4gbG9uZG9uIHVrkgEKcmVzdGF1cmFudA"
Paladar,Restaurant,££,750 reviews,4.7,"4-5 London Rd, London SE1 6JZ","https://www.google.com/maps/place/Paladar/@51.4981401,-0.1218785,14z/data=!4m9!1m2!2m1!1srestaurants+in+london+uk!3m5!1s0x487604a341961979:0x24ad261bc8353bc7!8m2!3d51.4981672!4d-0.1043161!15sChhyZXN0YXVyYW50cyBpbiBsb25kb24gdWtaGiIYcmVzdGF1cmFudHMgaW4gbG9uZG9uIHVrkgEKcmVzdGF1cmFudA"
Brawn,Mediterranean restaurant,££,614 reviews,4.7,"49 Columbia Rd, London E2 7RG","https://www.google.com/maps/place/Brawn/@51.528968,-0.0877485,14z/data=!4m9!1m2!2m1!1srestaurants+in+london+uk!3m5!1s0x48761cc7623842af:0x4bb9017c4ea386c4!8m2!3d51.528968!4d-0.070239!15sChhyZXN0YXVyYW50cyBpbiBsb25kb24gdWtaGiIYcmVzdGF1cmFudHMgaW4gbG9uZG9uIHVrkgEYbWVkaXRlcnJhbmVhbl9yZXN0YXVyYW50"
Lobos Meat and Tapas,Tapas restaurant,£££,"1,086 reviews",4.4,"14 Borough High St, London SE1 9QG","https://www.google.com/maps/place/Archipelago/@51.5055945,-0.1067879,14z/data=!4m6!1m2!2m1!1srestaurants+in+london+uk!3m2!1s0x48761b28ff4c92f1:0xcc0da3fd3ada4401!15sChhyZXN0YXVyYW50cyBpbiBsb25kb24gdWtaGiIYcmVzdGF1cmFudHMgaW4gbG9uZG9uIHVrkgETZWNsZWN0aWNfcmVzdGF1cmFudA"
Archipelago,Eclectic restaurant,£££,379 reviews,4.5,"53 Cleveland St, London W1T 4JJ","https://www.google.com/maps/place/Archipelago/@51.5204699,-0.1563437,14z/data=!4m9!1m2!2m1!1srestaurants+in+london+uk!3m5!1s0x48761b28ff4c92f1:0xcc0da3fd3ada4401!8m2!3d51.52048!4d-0.1388113!15sChhyZXN0YXVyYW50cyBpbiBsb25kb24gdWtaGiIYcmVzdGF1cmFudHMgaW4gbG9uZG9uIHVrkgETZWNsZWN0aWNfcmVzdGF1cmFudA"
Pizza Union,Pizza restaurant,£,"2,486 reviews",4.6,"29 Leman St, London E1 8PT","https://www.google.com/maps/place/Pizza+Union/@51.5139055,-0.0878145,14z/data=!4m9!1m2!2m1!1srestaurants+in+london+uk!3m5!1s0x4876034aa41f8d61:0x57c6fcd35c89e4be!8m2!3d51.5139544!4d-0.0703664!15sChhyZXN0YXVyYW50cyBpbiBsb25kb24gdWtaGiIYcmVzdGF1cmFudHMgaW4gbG9uZG9uIHVrkgEQcGl6emFfcmVzdGF1cmFudA"
Lorne,Modern British restaurant,Not Available,319 reviews,4.7,"76 Wilton Rd, Pimlico, London SW1V 1DE","https://www.google.com/maps/place/Lorne/@51.4927754,-0.1578563,14z/data=!4m9!1m2!2m1!1srestaurants+in+london+uk!3m5!1s0x487604e01904b00d:0x681a1d0967b53496!8m2!3d51.4927561!4d-0.1403874!15sChhyZXN0YXVyYW50cyBpbiBsb25kb24gdWtaGiIYcmVzdGF1cmFudHMgaW4gbG9uZG9uIHVrkgEZbW9kZXJuX2JyaXRpc2hfcmVzdGF1cmFudA"
Ikoyi Restaurant St. James's,Restaurant,££,541 reviews,4.5,"1 St James's Market, St. James's, London SW1Y 4AH","https://www.google.com/maps/place/Ikoyi+Restaurant+St.+James's/@51.5091333,-0.1509873,14z/data=!4m9!1m2!2m1!1srestaurants+in+london+uk!3m5!1s0x487604d166820d93:0x718867b7c5412382!8m2!3d51.5091333!4d-0.1334778!15sChhyZXN0YXVyYW50cyBpbiBsb25kb24gdWtaGiIYcmVzdGF1cmFudHMgaW4gbG9uZG9uIHVrkgEKcmVzdGF1cmFudA"
The Palomar,Middle Eastern restaurant,££,"1,458 reviews",4.6,"34 Rupert St, London W1D 6DN","https://www.google.com/maps/place/The+Palomar/@51.5091333,-0.1509873,14z/data=!4m9!1m2!2m1!1srestaurants+in+london+uk!3m5!1s0x487604d3b707b0df:0x5075b2ec663d560d!8m2!3d51.5112201!4d-0.1327198!15sChhyZXN0YXVyYW50cyBpbiBsb25kb24gdWtaGiIYcmVzdGF1cmFudHMgaW4gbG9uZG9uIHVrkgEZbWlkZGxlX2Vhc3Rlcm5fcmVzdGF1cmFudA"
BRAT Restaurant,Bar & grill,££,827 reviews,4.6,"4 Redchurch St, London E1 6JL","https://www.google.com/maps/place/BRAT+Restaurant/@51.5242042,-0.0942126,14z/data=!4m9!1m2!2m1!1srestaurants+in+london+uk!3m5!1s0x48761cb0b66575ed:0xbc95fbb590ac2921!8m2!3d51.5242042!4d-0.0767031!15sChhyZXN0YXVyYW50cyBpbiBsb25kb24gdWtaGiIYcmVzdGF1cmFudHMgaW4gbG9uZG9uIHVrkgENYmFyX2FuZF9ncmlsbA"
Clos Maggiore,Modern European restaurant,£££,"1,399 reviews",4.5,"33 King St, London WC2E 8JD","https://www.google.com/maps/place/Clos+Maggiore/@51.5116945,-0.1422396,14z/data=!4m9!1m2!2m1!1srestaurants+in+london+uk!3m5!1s0x487604cc5d576815:0x2e9c0de5854aa090!8m2!3d51.5116945!4d-0.1247301!15sChhyZXN0YXVyYW50cyBpbiBsb25kb24gdWtaGiIYcmVzdGF1cmFudHMgaW4gbG9uZG9uIHVrkgEabW9kZXJuX2V1cm9wZWFuX3Jlc3RhdXJhbnQ"
Tasting Italy - Italian Restaurant,Italian restaurant,££,441 reviews,4.3,,"https://www.google.com/maps/place/Tasting+Italy+-+Italian+Restaurant/@51.5116945,-0.1422396,14z/data=!4m9!1m2!2m1!1srestaurants+in+london+uk!3m5!1s0x487604d22788e39b:0x2f21c8e85d081ab6!8m2!3d51.5095698!4d-0.13197!15sChhyZXN0YXVyYW50cyBpbiBsb25kb24gdWtaGiIYcmVzdGF1cmFudHMgaW4gbG9uZG9uIHVrkgESaXRhbGlhbl9yZXN0YXVyYW50"
The Fortnum’s Bar & Restaurant at Royal Exchange,Bar,Not Available,266 reviews,4.4,,"https://www.google.com/maps/place/The+Fortnum%E2%80%99s+Bar+%26+Restaurant+at+Royal+Exchange/@51.5137412,-0.1051249,14z/data=!4m9!1m2!2m1!1srestaurants+in+london+uk!3m5!1s0x487603536714db2b:0xfc0c12f2cced882f!8m2!3d51.5137412!4d-0.0876154!15sChhyZXN0YXVyYW50cyBpbiBsb25kb24gdWtaGiIYcmVzdGF1cmFudHMgaW4gbG9uZG9uIHVrkgEDYmFy"
Wiltons Restaurant,Seafood restaurant,££££,344 reviews,4.7,"55 Jermyn St, St. James's, London SW1Y 6LX","https://www.google.com/maps/place/Wiltons+Restaurant/@51.5077053,-0.1742585,13z/data=!4m10!1m3!2m2!1srestaurants+in+london+uk!6e5!3m5!1s0x487604d648aee96d:0xdb97dd33be83c419!8m2!3d51.5076729!4d-0.1392117!15sChhyZXN0YXVyYW50cyBpbiBsb25kb24gdWtaGiIYcmVzdGF1cmFudHMgaW4gbG9uZG9uIHVrkgESc2VhZm9vZF9yZXN0YXVyYW50"
Kiln,Thai restaurant,££,"1,835 reviews",4.4,"58 Brewer St, London W1F 9TL","https://www.google.com/maps/place/Kiln/@51.5077053,-0.1742585,13z/data=!4m10!1m3!2m2!1srestaurants+in+london+uk!6e5!3m5!1s0x487604d46eeab9ff:0x327d3035b194d3b8!8m2!3d51.5114007!4d-0.136059!15sChhyZXN0YXVyYW50cyBpbiBsb25kb24gdWtaGiIYcmVzdGF1cmFudHMgaW4gbG9uZG9uIHVrkgEPdGhhaV9yZXN0YXVyYW50"
The Clove Club,Modern British restaurant,££££,725 reviews,4.6,"Shoreditch Town Hall, 380 Old St, London EC1V 9LT","https://www.google.com/maps/place/Kricket+Soho/@51.5077053,-0.1742585,13z/data=!4m7!1m3!2m2!1srestaurants+in+london+uk!6e5!3m2!1s0x487604d40af1695d:0x541519c451f66d70!15sChhyZXN0YXVyYW50cyBpbiBsb25kb24gdWtaGiIYcmVzdGF1cmFudHMgaW4gbG9uZG9uIHVrkgERaW5kaWFuX3Jlc3RhdXJhbnQ"
Kricket Soho,Indian restaurant,££,"1,189 reviews",4.5,"12 Denman St, London W1D 7HJ","https://www.google.com/maps/place/Kricket+Soho/@51.5077053,-0.1742585,13z/data=!4m10!1m3!2m2!1srestaurants+in+london+uk!6e5!3m5!1s0x487604d40af1695d:0x541519c451f66d70!8m2!3d51.5108075!4d-0.1351688!15sChhyZXN0YXVyYW50cyBpbiBsb25kb24gdWtaGiIYcmVzdGF1cmFudHMgaW4gbG9uZG9uIHVrkgERaW5kaWFuX3Jlc3RhdXJhbnQ"
Moro,Spanish restaurant,£££,851 reviews,4.5,"34-36 Exmouth Market, London EC1R 4QE","https://www.google.com/maps/place/Moro/@51.5077053,-0.1742585,13z/data=!4m10!1m3!2m2!1srestaurants+in+london+uk!6e5!3m5!1s0x48761b458234a1f7:0xdcf815e176917b55!8m2!3d51.5258809!4d-0.1089987!15sChhyZXN0YXVyYW50cyBpbiBsb25kb24gdWtaGiIYcmVzdGF1cmFudHMgaW4gbG9uZG9uIHVrkgESc3BhbmlzaF9yZXN0YXVyYW50"
The Ivy,British restaurant,£££,"2,320 reviews",4.5,"1-5 West St, London WC2H 9NQ","https://www.google.com/maps/place/The+Ivy/@51.5077053,-0.1742585,13z/data=!4m10!1m3!2m2!1srestaurants+in+london+uk!6e5!3m5!1s0x487604cd73cacb55:0xf70e3382d1ea5dc9!8m2!3d51.5128603!4d-0.128045!15sChhyZXN0YXVyYW50cyBpbiBsb25kb24gdWtaGiIYcmVzdGF1cmFudHMgaW4gbG9uZG9uIHVrkgESYnJpdGlzaF9yZXN0YXVyYW50"
Kerridge's Bar & Grill,Bar & grill,Not Available,509 reviews,4.6,,"https://www.google.com/maps/place/Kerridge's+Bar+%26+Grill/@51.5077053,-0.1742585,13z/data=!4m10!1m3!2m2!1srestaurants+in+london+uk!6e5!3m5!1s0x4876059c0e96220b:0xdfa11f2de56276ed!8m2!3d51.5067787!4d-0.1246626!15sChhyZXN0YXVyYW50cyBpbiBsb25kb24gdWtaGiIYcmVzdGF1cmFudHMgaW4gbG9uZG9uIHVrkgENYmFyX2FuZF9ncmlsbJoBI0NoWkRTVWhOTUc5blMwVkpRMEZuU1VSdFozVmlWMlZSRUFF"
FOLIE,Modern European restaurant,Not Available,281 reviews,4.5,,"https://www.google.com/maps/place/Gaucho+Piccadilly/@51.5077053,-0.1742585,13z/data=!4m7!1m3!2m2!1srestaurants+in+london+uk!6e5!3m2!1s0x487604d42b9f883f:0xf625c6cd02f26236!15sChhyZXN0YXVyYW50cyBpbiBsb25kb24gdWtaGiIYcmVzdGF1cmFudHMgaW4gbG9uZG9uIHVrkgEWYXJnZW50aW5pYW5fcmVzdGF1cmFudA"
Gaucho Piccadilly,Argentinian restaurant,£££,"3,068 reviews",4.3,"25 Swallow St, London W1B 4QR","https://www.google.com/maps/place/Gaucho+Piccadilly/@51.5077053,-0.1742585,13z/data=!4m10!1m3!2m2!1srestaurants+in+london+uk!6e5!3m5!1s0x487604d42b9f883f:0xf625c6cd02f26236!8m2!3d51.5097608!4d-0.1379257!15sChhyZXN0YXVyYW50cyBpbiBsb25kb24gdWtaGiIYcmVzdGF1cmFudHMgaW4gbG9uZG9uIHVrkgEWYXJnZW50aW5pYW5fcmVzdGF1cmFudA"
Hawksmoor Air Street,Steak house,££££,"3,043 reviews",4.6,"5A Air St, London W1J 0AD","https://www.google.com/maps/place/Hawksmoor+Air+Street/@51.5077053,-0.1742585,13z/data=!4m10!1m3!2m2!1srestaurants+in+london+uk!6e5!3m5!1s0x487604d41e4f9b97:0xfd117ecf2c565e5b!8m2!3d51.5097064!4d-0.1362074!15sChhyZXN0YXVyYW50cyBpbiBsb25kb24gdWtaGiIYcmVzdGF1cmFudHMgaW4gbG9uZG9uIHVrkgELc3RlYWtfaG91c2WaASRDaGREU1VoTk1HOW5TMFZKUTBGblNVUnRPRTkyUTNKblJSQUI"
Barrafina,Tapas restaurant,£££,"1,883 reviews",4.5,"26-27 Dean St, London W1D 3LL","https://www.google.com/maps/place/Barrafina/@51.5077053,-0.1742585,13z/data=!4m10!1m3!2m2!1srestaurants+in+london+uk!6e5!3m5!1s0x487604d2dc29e6a9:0xc52f51ca234cd897!8m2!3d51.51411!4d-0.1326671!15sChhyZXN0YXVyYW50cyBpbiBsb25kb24gdWtaGiIYcmVzdGF1cmFudHMgaW4gbG9uZG9uIHVrkgEQdGFwYXNfcmVzdGF1cmFudA"
Duck & Waffle,Modern European restaurant,£££,"7,136 reviews",4.2,"110 Bishopsgate, London EC2N 4AY","https://www.google.com/maps/place/Duck+%26+Waffle/@51.5077053,-0.1742585,13z/data=!4m10!1m3!2m2!1srestaurants+in+london+uk!6e5!3m5!1s0x48761cb295f6ff5f:0xb3e4152c8e522a3c!8m2!3d51.5162529!4d-0.0811942!15sChhyZXN0YXVyYW50cyBpbiBsb25kb24gdWtaGiIYcmVzdGF1cmFudHMgaW4gbG9uZG9uIHVrkgEabW9kZXJuX2V1cm9wZWFuX3Jlc3RhdXJhbnQ"
Spaghetti House,Italian restaurant,££,"1,289 reviews",3.9,"24 Cranbourn St, London WC2H 7AB","https://www.google.com/maps/place/Spaghetti+House/@51.5077053,-0.1742585,13z/data=!3m1!5s0x487604cda2cb0ef5:0xeb0759e85fff23cf!4m10!1m3!2m2!1srestaurants+in+london+uk!6e5!3m5!1s0x487604cda2e7a5e7:0xb25db28992ba4761!8m2!3d51.5117969!4d-0.1275746!15sChhyZXN0YXVyYW50cyBpbiBsb25kb24gdWtaGiIYcmVzdGF1cmFudHMgaW4gbG9uZG9uIHVrkgESaXRhbGlhbl9yZXN0YXVyYW50"
La Padella,Restaurant,Not Available,Restaurant,Not Available,"2 Exeter St, London WC2E 7DS","https://www.google.com/maps/place/La+Padella/@51.5077053,-0.1742585,13z/data=!4m10!1m3!2m2!1srestaurants+in+london+uk!6e5!3m5!1s0x487604cbbf2b6a75:0xe6cd6b94f5ae0dbb!8m2!3d51.5111434!4d-0.1214539!15sChhyZXN0YXVyYW50cyBpbiBsb25kb24gdWtaGiIYcmVzdGF1cmFudHMgaW4gbG9uZG9uIHVrkgEKcmVzdGF1cmFudA"
Bancone,Italian restaurant,££,"1,050 reviews",4.5,"39 William IV St, London WC2N 4DD","https://www.google.com/maps/place/Bancone/@51.5077053,-0.1742585,13z/data=!4m10!1m3!2m2!1srestaurants+in+london+uk!6e5!3m5!1s0x487604ce7e57942f:0x2ba07c05296427b!8m2!3d51.5095558!4d-0.1264024!15sChhyZXN0YXVyYW50cyBpbiBsb25kb24gdWtaGiIYcmVzdGF1cmFudHMgaW4gbG9uZG9uIHVrkgESaXRhbGlhbl9yZXN0YXVyYW50"
Il Vicolo Ristorante Italiano,Italian restaurant,££,101 reviews,4.4,"3-4 Crown Passage, St. James's, London SW1Y 6PP","https://www.google.com/maps/place/Il+Vicolo+Ristorante+Italiano/@51.5077053,-0.1742585,13z/data=!4m10!1m3!2m2!1srestaurants+in+london+uk!6e5!3m5!1s0x487604d70b051719:0x1d58e50ab28f0735!8m2!3d51.505766!4d-0.1376386!15sChhyZXN0YXVyYW50cyBpbiBsb25kb24gdWtaGiIYcmVzdGF1cmFudHMgaW4gbG9uZG9uIHVrkgESaXRhbGlhbl9yZXN0YXVyYW50"
Scarlett Green,Restaurant,££,643 reviews,4.4,"4 Noel St, London W1F 8GB","https://www.google.com/maps/place/Scarlett+Green/@51.5077053,-0.1742585,13z/data=!4m10!1m3!2m2!1srestaurants+in+london+uk!6e5!3m5!1s0x48761b2b51fcc697:0xd5b97b88e91c8ec1!8m2!3d51.5152635!4d-0.135769!15sChhyZXN0YXVyYW50cyBpbiBsb25kb24gdWtaGiIYcmVzdGF1cmFudHMgaW4gbG9uZG9uIHVrkgEKcmVzdGF1cmFudA"
Leroy,Restaurant,Not Available,378 reviews,4.5,"18 Phipp St, London EC2A 4NU","https://www.google.com/maps/place/Leroy/@51.5077053,-0.1742585,13z/data=!4m10!1m3!2m2!1srestaurants+in+london+uk!6e5!3m5!1s0x48761cb022e0f1ad:0x42afe1d2d2a7670a!8m2!3d51.5240195!4d-0.081501!15sChhyZXN0YXVyYW50cyBpbiBsb25kb24gdWtaGiIYcmVzdGF1cmFudHMgaW4gbG9uZG9uIHVrkgEKcmVzdGF1cmFudA"
Novikov Restaurant & Bar,Restaurant,££££,"3,679 reviews",4.3,"50A Berkeley St, London W1J 8HA","https://www.google.com/maps/place/Novikov+Restaurant+%26+Bar/@51.5077048,-0.177936,13z/data=!4m10!1m3!2m2!1srestaurants+in+london+uk!6e5!3m5!1s0x48760529b999c21d:0x549dee0a1aac950!8m2!3d51.5077048!4d-0.1429171!15sChhyZXN0YXVyYW50cyBpbiBsb25kb24gdWtaGiIYcmVzdGF1cmFudHMgaW4gbG9uZG9uIHVrkgEKcmVzdGF1cmFudA"
Bocca di Lupo,Italian restaurant,£££,"1,498 reviews",4.4,"12 Archer St, London W1D 7BB","https://www.google.com/maps/place/Bocca+di+Lupo/@51.5077048,-0.177936,13z/data=!4m10!1m3!2m2!1srestaurants+in+london+uk!6e5!3m5!1s0x487604d39a05c17d:0x4a3aa39eed0f9cf6!8m2!3d51.5116564!4d-0.1339596!15sChhyZXN0YXVyYW50cyBpbiBsb25kb24gdWtaGiIYcmVzdGF1cmFudHMgaW4gbG9uZG9uIHVrkgESaXRhbGlhbl9yZXN0YXVyYW50"
Prezzo Italian Restaurant London Northumberland Avenue,Restaurant,££,"1,034 reviews",4.0,"Grand Buildings, 31-32 Northumberland Ave, London WC2N 5BW","https://www.google.com/maps/place/Pastaio+Carnaby/@51.5077048,-0.177936,13z/data=!3m1!5s0x4a4608c39897f7cf:0xcd3a6af110522b2e!4m7!1m3!2m2!1srestaurants+in+london+uk!6e5!3m2!1s0x487604d50dde4aa5:0xa0687296b9634852!15sChhyZXN0YXVyYW50cyBpbiBsb25kb24gdWtaGiIYcmVzdGF1cmFudHMgaW4gbG9uZG9uIHVrkgESaXRhbGlhbl9yZXN0YXVyYW50"
Pastaio Carnaby,Italian restaurant,££,962 reviews,4.0,"19 Ganton St, Carnaby, London W1F 9BN","https://www.google.com/maps/place/Pastaio+Carnaby/@51.5077048,-0.177936,13z/data=!4m10!1m3!2m2!1srestaurants+in+london+uk!6e5!3m5!1s0x487604d50dde4aa5:0xa0687296b9634852!8m2!3d51.5128972!4d-0.1390056!15sChhyZXN0YXVyYW50cyBpbiBsb25kb24gdWtaGiIYcmVzdGF1cmFudHMgaW4gbG9uZG9uIHVrkgESaXRhbGlhbl9yZXN0YXVyYW50"
14 Hills,Modern European restaurant,Not Available,653 reviews,4.2,,"https://www.google.com/maps/place/14+Hills/@51.5077048,-0.177936,13z/data=!4m10!1m3!2m2!1srestaurants+in+london+uk!6e5!3m5!1s0x4876050f6e3ee4c7:0xc805c661e3e7ddfe!8m2!3d51.512273!4d-0.0808058!15sChhyZXN0YXVyYW50cyBpbiBsb25kb24gdWtaGiIYcmVzdGF1cmFudHMgaW4gbG9uZG9uIHVrkgEabW9kZXJuX2V1cm9wZWFuX3Jlc3RhdXJhbnQ"
Bob Bob Ricard Soho,European restaurant,££££,"1,965 reviews",4.5,"1 Upper James St, London W1F 9DF","https://www.google.com/maps/place/Bob+Bob+Ricard+Soho/@51.5077048,-0.177936,13z/data=!4m10!1m3!2m2!1srestaurants+in+london+uk!6e5!3m5!1s0x487604d4f81d3b37:0x483d43bdcad9b09a!8m2!3d51.51233!4d-0.1372525!15sChhyZXN0YXVyYW50cyBpbiBsb25kb24gdWtaGiIYcmVzdGF1cmFudHMgaW4gbG9uZG9uIHVrkgETZXVyb3BlYW5fcmVzdGF1cmFudA"
Ottolenghi Spitalfields,Mediterranean restaurant,£££,"2,002 reviews",4.5,,"https://www.google.com/maps/place/Ottolenghi+Spitalfields/@51.5077048,-0.177936,13z/data=!3m1!5s0x48761cb39a9843ab:0xb9a97641e6738693!4m10!1m3!2m2!1srestaurants+in+london+uk!6e5!3m5!1s0x48761cb39aad00e9:0xa503a99c63685f15!8m2!3d51.5182265!4d-0.0771835!15sChhyZXN0YXVyYW50cyBpbiBsb25kb24gdWtaGiIYcmVzdGF1cmFudHMgaW4gbG9uZG9uIHVrkgEYbWVkaXRlcnJhbmVhbl9yZXN0YXVyYW50"
Bengal Village - Best of Brick Lane,Indian restaurant,££,"1,099 reviews",4.6,"75 Brick Ln, London E1 6QL","https://www.google.com/maps/place/Bengal+Village+-+Best+of+Brick+Lane/@51.5201277,-0.1070778,13z/data=!4m10!1m3!2m2!1srestaurants+in+london+uk!6e5!3m5!1s0x48761cb6422a6bef:0x64e077b7992d8c6f!8m2!3d51.5201277!4d-0.0720589!15sChhyZXN0YXVyYW50cyBpbiBsb25kb24gdWtaGiIYcmVzdGF1cmFudHMgaW4gbG9uZG9uIHVrkgERaW5kaWFuX3Jlc3RhdXJhbnQ"
Flat Iron Covent Garden,Steak house,££,"5,199 reviews",4.6,"17-18 Henrietta St, London WC2E 8QH","https://www.google.com/maps/place/Flat+Iron+Covent+Garden/@51.5201277,-0.1070778,13z/data=!4m10!1m3!2m2!1srestaurants+in+london+uk!6e5!3m5!1s0x487604cc0debafed:0xe8b33b595e8b2176!8m2!3d51.510795!4d-0.1240732!15sChhyZXN0YXVyYW50cyBpbiBsb25kb24gdWtaGiIYcmVzdGF1cmFudHMgaW4gbG9uZG9uIHVrkgELc3RlYWtfaG91c2WaASNDaFpEU1VoTk1HOW5TMFZKUTBGblNVTmhielpoVGxCQkVBRQ"
Koya City,Japanese restaurant,££,509 reviews,4.2,,"https://www.google.com/maps/place/Koya+City/@51.5201277,-0.1070778,13z/data=!4m10!1m3!2m2!1srestaurants+in+london+uk!6e5!3m5!1s0x48760355a83111a3:0xb40d9caf11576036!8m2!3d51.5122556!4d-0.0915817!15sChhyZXN0YXVyYW50cyBpbiBsb25kb24gdWtaGiIYcmVzdGF1cmFudHMgaW4gbG9uZG9uIHVrkgETamFwYW5lc2VfcmVzdGF1cmFudA"
Mele e Pere,Italian restaurant,££,961 reviews,4.2,"46 Brewer St, London W1F 9TF","https://www.google.com/maps/place/Heddon+Street+Kitchen/@51.5201277,-0.1070778,13z/data=!4m7!1m3!2m2!1srestaurants+in+london+uk!6e5!3m2!1s0x487604d5c1e8e5d5:0x7d0bc76c231a6058!15sChhyZXN0YXVyYW50cyBpbiBsb25kb24gdWtaGiIYcmVzdGF1cmFudHMgaW4gbG9uZG9uIHVrkgEabW9kZXJuX2V1cm9wZWFuX3Jlc3RhdXJhbnQ"
Heddon Street Kitchen,Modern European restaurant,£££,"2,201 reviews",4.2,"3-9 Heddon St, London W1B 4BE","https://www.google.com/maps/place/Heddon+Street+Kitchen/@51.5107453,-0.1743409,13z/data=!4m10!1m3!2m2!1srestaurants+in+london+uk!6e5!3m5!1s0x487604d5c1e8e5d5:0x7d0bc76c231a6058!8m2!3d51.5107453!4d-0.139322!15sChhyZXN0YXVyYW50cyBpbiBsb25kb24gdWtaGiIYcmVzdGF1cmFudHMgaW4gbG9uZG9uIHVrkgEabW9kZXJuX2V1cm9wZWFuX3Jlc3RhdXJhbnQ"
Inamo Covent Garden,Asian fusion restaurant,££,"2,979 reviews",4.1,,"https://www.google.com/maps/place/Inamo+Covent+Garden/@51.5107453,-0.1743409,13z/data=!4m10!1m3!2m2!1srestaurants+in+london+uk!6e5!3m5!1s0x487604cb61a1f7cb:0x4bb5586e5505c808!8m2!3d51.5133859!4d-0.1231552!15sChhyZXN0YXVyYW50cyBpbiBsb25kb24gdWtaGiIYcmVzdGF1cmFudHMgaW4gbG9uZG9uIHVrkgEXYXNpYW5fZnVzaW9uX3Jlc3RhdXJhbnQ"
Murano,Italian restaurant,££££,468 reviews,4.6,,"https://www.google.com/maps/place/Murano/@51.5107453,-0.1743409,13z/data=!4m10!1m3!2m2!1srestaurants+in+london+uk!6e5!3m5!1s0x4876052ed152494d:0x5ec0f4498cc76400!8m2!3d51.5071387!4d-0.1471746!15sChhyZXN0YXVyYW50cyBpbiBsb25kb24gdWtaGiIYcmVzdGF1cmFudHMgaW4gbG9uZG9uIHVrkgESaXRhbGlhbl9yZXN0YXVyYW50"
San Carlo,Italian restaurant,£££,446 reviews,4.1,"2 Regent Street Saint James's, St. James's, London SW1Y 4LR","https://www.google.com/maps/place/San+Carlo/@51.5107453,-0.1743409,13z/data=!4m10!1m3!2m2!1srestaurants+in+london+uk!6e5!3m5!1s0x48760525e0282145:0x841fc26bd190cd88!8m2!3d51.5081847!4d-0.1331089!15sChhyZXN0YXVyYW50cyBpbiBsb25kb24gdWtaGiIYcmVzdGF1cmFudHMgaW4gbG9uZG9uIHVrkgESaXRhbGlhbl9yZXN0YXVyYW50"
Fumo,Italian restaurant,£££,"1,384 reviews",4.2,"37 St Martin's Ln, London WC2N 4ER","https://www.google.com/maps/place/Fumo/@51.5107453,-0.1743409,13z/data=!4m10!1m3!2m2!1srestaurants+in+london+uk!6e5!3m5!1s0x487604cdd0d803e3:0x4e673aa69b8602c!8m2!3d51.5100532!4d-0.1267876!15sChhyZXN0YXVyYW50cyBpbiBsb25kb24gdWtaGiIYcmVzdGF1cmFudHMgaW4gbG9uZG9uIHVrkgESaXRhbGlhbl9yZXN0YXVyYW50"
The India - Best of The City,Indian restaurant,££,945 reviews,4.5,"21 College Hill, London EC4R 2RP","https://www.google.com/maps/place/The+India+-+Best+of+The+City/@51.5107453,-0.1743409,13z/data=!4m10!1m3!2m2!1srestaurants+in+london+uk!6e5!3m5!1s0x48760355bb83bd49:0x59878a3027d6dca!8m2!3d51.5115001!4d-0.0921466!15sChhyZXN0YXVyYW50cyBpbiBsb25kb24gdWtaGiIYcmVzdGF1cmFudHMgaW4gbG9uZG9uIHVrkgERaW5kaWFuX3Jlc3RhdXJhbnQ"
MOC Kitchen - Authentic Vietnamese Restaurant,Vietnamese restaurant,££,269 reviews,4.3,"2, The Arches, Villiers St, London WC2N 6NG","https://www.google.com/maps/place/MOC+Kitchen+-+Authentic+Vietnamese+Restaurant/@51.5107453,-0.1743409,13z/data=!4m10!1m3!2m2!1srestaurants+in+london+uk!6e5!3m5!1s0x487604cec66d500d:0x976c578f594098b8!8m2!3d51.5080846!4d-0.1240736!15sChhyZXN0YXVyYW50cyBpbiBsb25kb24gdWtaGiIYcmVzdGF1cmFudHMgaW4gbG9uZG9uIHVrkgEVdmlldG5hbWVzZV9yZXN0YXVyYW50"
Tandoor Chophouse,Restaurant,££,"1,165 reviews",4.3,"8 Adelaide St, London WC2N 4HZ","https://www.google.com/maps/place/Tandoor+Chophouse/@51.5108679,-0.0964752,13z/data=!4m10!1m3!2m2!1srestaurants+in+london+uk!6e5!3m5!1s0x487604ce85b3b41d:0x80bba7ce05ff26f7!8m2!3d51.5091897!4d-0.1256362!15sChhyZXN0YXVyYW50cyBpbiBsb25kb24gdWtaGiIYcmVzdGF1cmFudHMgaW4gbG9uZG9uIHVrkgEKcmVzdGF1cmFudA"
IT London,Italian restaurant,Not Available,151 reviews,4.0,,"https://www.google.com/maps/place/IT+London/@51.5093171,-0.1778518,13z/data=!4m10!1m3!2m2!1srestaurants+in+london+uk!6e5!3m5!1s0x487605467217330f:0x14f322d2e7b40ee0!8m2!3d51.5093171!4d-0.1428329!15sChhyZXN0YXVyYW50cyBpbiBsb25kb24gdWtaGiIYcmVzdGF1cmFudHMgaW4gbG9uZG9uIHVrkgESaXRhbGlhbl9yZXN0YXVyYW50"
Mumbai Square,Indian restaurant,££,610 reviews,3.9,,"https://www.google.com/maps/place/Cicchetti/@51.5156583,-0.1106676,13z/data=!4m7!1m3!2m2!1srestaurants+in+london+uk!6e5!3m2!1s0x487604d6ab463b4f:0xab4e014eb5e6125d!15sChhyZXN0YXVyYW50cyBpbiBsb25kb24gdWtaGiIYcmVzdGF1cmFudHMgaW4gbG9uZG9uIHVrkgESaXRhbGlhbl9yZXN0YXVyYW50"
Cicchetti,Italian restaurant,£££,"2,226 reviews",4.4,"215 Piccadilly, St. James's, London W1J 9HL","https://www.google.com/maps/place/Cicchetti/@51.5156583,-0.1106676,13z/data=!4m10!1m3!2m2!1srestaurants+in+london+uk!6e5!3m5!1s0x487604d6ab463b4f:0xab4e014eb5e6125d!8m2!3d51.5094927!4d-0.1350617!15sChhyZXN0YXVyYW50cyBpbiBsb25kb24gdWtaGiIYcmVzdGF1cmFudHMgaW4gbG9uZG9uIHVrkgESaXRhbGlhbl9yZXN0YXVyYW50"
Bar 61 Restaurant,Modern European restaurant,££,542 reviews,4.6,,"https://www.google.com/maps/place/Bar+61+Restaurant/@51.4399962,-0.1605172,13z/data=!3m1!5s0x48760424e6cce4c5:0x17c31d4de50573cd!4m10!1m3!2m2!1srestaurants+in+london+uk!6e5!3m5!1s0x48760424e0aed7bb:0x30c10d73dd542abd!8m2!3d51.4399962!4d-0.1254983!15sChhyZXN0YXVyYW50cyBpbiBsb25kb24gdWtaGiIYcmVzdGF1cmFudHMgaW4gbG9uZG9uIHVrkgEabW9kZXJuX2V1cm9wZWFuX3Jlc3RhdXJhbnQ"
Prezzo London St Martins Lane,Restaurant,££,982 reviews,4.1,"116 St Martin's Ln, London WC2N 4BD","https://www.google.com/maps/place/Prezzo+London+St+Martins+Lane/@51.5096819,-0.1621332,13z/data=!4m10!1m3!2m2!1srestaurants+in+london+uk!6e5!3m5!1s0x487604cdd7f7d6c3:0x33d4cd9f36a1b78e!8m2!3d51.5096752!4d-0.1271033!15sChhyZXN0YXVyYW50cyBpbiBsb25kb24gdWtaGiIYcmVzdGF1cmFudHMgaW4gbG9uZG9uIHVrkgEKcmVzdGF1cmFudA"
C London Restaurant,Italian restaurant,££££,641 reviews,4.3,"23-25 Davies St, London W1K 3DE","https://www.google.com/maps/place/C+London+Restaurant/@51.5096819,-0.1621332,13z/data=!4m10!1m3!2m2!1srestaurants+in+london+uk!6e5!3m5!1s0x4876052c6c72a607:0x11c0a94e1b983a82!8m2!3d51.5111111!4d-0.1477778!15sChhyZXN0YXVyYW50cyBpbiBsb25kb24gdWtaGiIYcmVzdGF1cmFudHMgaW4gbG9uZG9uIHVrkgESaXRhbGlhbl9yZXN0YXVyYW50"
sketch,Modern European restaurant,££££,"6,177 reviews",4.3,"9 Conduit St, London W1S 2XG","https://www.google.com/maps/place/sketch/@51.5096819,-0.1621332,13z/data=!4m10!1m3!2m2!1srestaurants+in+london+uk!6e5!3m5!1s0x4876052a8fed866b:0xb07500db019d0324!8m2!3d51.512693!4d-0.141529!15sChhyZXN0YXVyYW50cyBpbiBsb25kb24gdWtaGiIYcmVzdGF1cmFudHMgaW4gbG9uZG9uIHVrkgEabW9kZXJuX2V1cm9wZWFuX3Jlc3RhdXJhbnQ"
34 Mayfair,Restaurant,££££,828 reviews,4.4,"34 Grosvenor Square, S Audley St, London W1K 2HD","https://www.google.com/maps/place/34+Mayfair/@51.5096819,-0.1621332,13z/data=!4m10!1m3!2m2!1srestaurants+in+london+uk!6e5!3m5!1s0x4876052df6401a79:0xdf8b74d7a401bfbb!8m2!3d51.5102469!4d-0.1523196!15sChhyZXN0YXVyYW50cyBpbiBsb25kb24gdWtaGiIYcmVzdGF1cmFudHMgaW4gbG9uZG9uIHVrkgEKcmVzdGF1cmFudA"
Happy London,Modern European restaurant,Not Available,"1,007 reviews",4.4,"25-29 Coventry St, London W1D 7AG","https://www.google.com/maps/place/Happy+London/@51.5096819,-0.1621332,13z/data=!4m10!1m3!2m2!1srestaurants+in+london+uk!6e5!3m5!1s0x487605450b184bfb:0xc4f69bdc2f0263db!8m2!3d51.5101534!4d-0.1324234!15sChhyZXN0YXVyYW50cyBpbiBsb25kb24gdWtaGiIYcmVzdGF1cmFudHMgaW4gbG9uZG9uIHVrkgEabW9kZXJuX2V1cm9wZWFuX3Jlc3RhdXJhbnQ"
Honey & Co.,Middle Eastern restaurant,££,"1,059 reviews",4.5,,"https://www.google.com/maps/place/Honey+%26+Co./@51.5096819,-0.1621332,13z/data=!4m10!1m3!2m2!1srestaurants+in+london+uk!6e5!3m5!1s0x48761b2826d840ab:0xfb24ea0b8036b3cd!8m2!3d51.5237916!4d-0.1408132!15sChhyZXN0YXVyYW50cyBpbiBsb25kb24gdWtaGiIYcmVzdGF1cmFudHMgaW4gbG9uZG9uIHVrkgEZbWlkZGxlX2Vhc3Rlcm5fcmVzdGF1cmFudA"
The Garden,Restaurant,Not Available,41 reviews,4.0,"10a Northumberland Ave, London SW1A 2BD","https://www.google.com/maps/place/The+Garden/@51.5096819,-0.1621332,13z/data=!4m10!1m3!2m2!1srestaurants+in+london+uk!6e5!3m5!1s0x487604cf22f71fcf:0x20953d083ea75790!8m2!3d51.5066843!4d-0.1240672!15sChhyZXN0YXVyYW50cyBpbiBsb25kb24gdWtaGiIYcmVzdGF1cmFudHMgaW4gbG9uZG9uIHVrkgEKcmVzdGF1cmFudA"
Sergio's,Italian restaurant,££,567 reviews,4.4,"84A Great Titchfield St., London W1W 7QY","https://www.google.com/maps/place/Sergio's/@51.5096819,-0.1621332,13z/data=!4m10!1m3!2m2!1srestaurants+in+london+uk!6e5!3m5!1s0x48761b2a0ba9a781:0xf5a970794b21a31b!8m2!3d51.5190789!4d-0.1407174!15sChhyZXN0YXVyYW50cyBpbiBsb25kb24gdWtaGiIYcmVzdGF1cmFudHMgaW4gbG9uZG9uIHVrkgESaXRhbGlhbl9yZXN0YXVyYW50"
The Light Bar & Dining,Modern European restaurant,Not Available,253 reviews,4.4,,"https://www.google.com/maps/place/The+Light+Bar+%26+Dining/@51.5096819,-0.1621332,13z/data=!4m10!1m3!2m2!1srestaurants+in+london+uk!6e5!3m5!1s0x48761cb11907c95b:0x72aa131556717d13!8m2!3d51.5221397!4d-0.078319!15sChhyZXN0YXVyYW50cyBpbiBsb25kb24gdWtaGiIYcmVzdGF1cmFudHMgaW4gbG9uZG9uIHVrkgEabW9kZXJuX2V1cm9wZWFuX3Jlc3RhdXJhbnQ"
Restaurant 92,Restaurant,Not Available,31 reviews,4.2,,"https://www.google.com/maps/place/Restaurant+92/@51.5096819,-0.1621332,13z/data=!4m10!1m3!2m2!1srestaurants+in+london+uk!6e5!3m5!1s0x48761b341d911a0d:0x18f73c34163e4bdd!8m2!3d51.5201161!4d-0.1221279!15sChhyZXN0YXVyYW50cyBpbiBsb25kb24gdWtaGiIYcmVzdGF1cmFudHMgaW4gbG9uZG9uIHVrkgEKcmVzdGF1cmFudA"
Estiatorio Milos,Greek restaurant,££££,980 reviews,4.5,"1 Regent Street Saint James's, St. James's, London SW1Y 4NW","https://www.google.com/maps/place/Estiatorio+Milos/@51.5096819,-0.1621332,13z/data=!4m10!1m3!2m2!1srestaurants+in+london+uk!6e5!3m5!1s0x487604d1160e84d5:0xaad428448d60632b!8m2!3d51.5080636!4d-0.133511!15sChhyZXN0YXVyYW50cyBpbiBsb25kb24gdWtaGiIYcmVzdGF1cmFudHMgaW4gbG9uZG9uIHVrkgEQZ3JlZWtfcmVzdGF1cmFudA"
Lobos,Tapas restaurant,££,870 reviews,4.4,"48 Frith St, London W1D 4SF","https://www.google.com/maps/place/Lobos/@51.5096819,-0.1621332,13z/data=!3m1!5s0x487604d2e70ce8b3:0xe2913d2a8e1680e7!4m10!1m3!2m2!1srestaurants+in+london+uk!6e5!3m5!1s0x487604d2e7ea21cd:0x161dafcf747685f5!8m2!3d51.5135395!4d-0.1315779!15sChhyZXN0YXVyYW50cyBpbiBsb25kb24gdWtaGiIYcmVzdGF1cmFudHMgaW4gbG9uZG9uIHVrkgEQdGFwYXNfcmVzdGF1cmFudA"
Forty Dean Street,Italian restaurant,££,378 reviews,4.2,"40 Dean St, London W1D 4PX","https://www.google.com/maps/place/Forty+Dean+Street/@51.5096819,-0.1621332,13z/data=!4m10!1m3!2m2!1srestaurants+in+london+uk!6e5!3m5!1s0x487604d31ddf6267:0x464ecbe5b0357639!8m2!3d51.513372!4d-0.1321231!15sChhyZXN0YXVyYW50cyBpbiBsb25kb24gdWtaGiIYcmVzdGF1cmFudHMgaW4gbG9uZG9uIHVrkgESaXRhbGlhbl9yZXN0YXVyYW50"
Sartori - Italian Restaurant & Pizzeria,Southern Italian restaurant,££,"2,264 reviews",4.4,"15 Great Newport St, London WC2H 7JE","https://www.google.com/maps/place/Sartori+-+Italian+Restaurant+%26+Pizzeria/@51.5117829,-0.1630397,13z/data=!4m10!1m3!2m2!1srestaurants+in+london+uk!6e5!3m5!1s0x487604cd99bdc449:0xbb2672df704de7f6!8m2!3d51.5118056!4d-0.1280295!15sChhyZXN0YXVyYW50cyBpbiBsb25kb24gdWtaGiIYcmVzdGF1cmFudHMgaW4gbG9uZG9uIHVrkgEbc291dGhlcm5faXRhbGlhbl9yZXN0YXVyYW50"
Hawksmoor Seven Dials,Steak house,£££,"2,999 reviews",4.6,,"https://www.google.com/maps/place/Hawksmoor+Seven+Dials/@51.5117829,-0.1630397,13z/data=!4m10!1m3!2m2!1srestaurants+in+london+uk!6e5!3m5!1s0x487604ccdf106809:0x1a0d5f013c2e0639!8m2!3d51.5134851!4d-0.1257198!15sChhyZXN0YXVyYW50cyBpbiBsb25kb24gdWtaGiIYcmVzdGF1cmFudHMgaW4gbG9uZG9uIHVrkgELc3RlYWtfaG91c2WaASNDaFpEU1VoTk1HOW5TMFZKUTBGblNVTlhOWFYxVUUxQkVBRQ"
Gymkhana,Indian restaurant,££££,"1,309 reviews",4.5,"42 Albemarle St, London W1S 4JH","https://www.google.com/maps/place/Wahaca+Covent+Garden/@51.5117829,-0.1630397,13z/data=!4m7!1m3!2m2!1srestaurants+in+london+uk!6e5!3m2!1s0x487604cc1849430b:0xc6fde59f0456a483!15sChhyZXN0YXVyYW50cyBpbiBsb25kb24gdWtaGiIYcmVzdGF1cmFudHMgaW4gbG9uZG9uIHVrkgESbWV4aWNhbl9yZXN0YXVyYW50"
Wahaca Covent Garden,Mexican restaurant,££,"2,925 reviews",4.3,,"https://www.google.com/maps/place/Wahaca+Covent+Garden/@51.5117829,-0.1630397,13z/data=!4m10!1m3!2m2!1srestaurants+in+london+uk!6e5!3m5!1s0x487604cc1849430b:0xc6fde59f0456a483!8m2!3d51.5102995!4d-0.1245382!15sChhyZXN0YXVyYW50cyBpbiBsb25kb24gdWtaGiIYcmVzdGF1cmFudHMgaW4gbG9uZG9uIHVrkgESbWV4aWNhbl9yZXN0YXVyYW50"
temper Soho,Steak house,£££,"1,419 reviews",4.1,,"https://www.google.com/maps/place/Trullo/@51.5117829,-0.1630397,13z/data=!4m7!1m3!2m2!1srestaurants+in+london+uk!6e5!3m2!1s0x48761b64b5b2568d:0xf3e1468e90952e2a!15sChhyZXN0YXVyYW50cyBpbiBsb25kb24gdWtaGiIYcmVzdGF1cmFudHMgaW4gbG9uZG9uIHVrkgESaXRhbGlhbl9yZXN0YXVyYW50"
Trullo,Italian restaurant,£££,824 reviews,4.5,"300-302, St Paul's Rd, London N1 2LH","https://www.google.com/maps/place/Taro+-+Soho/@51.546265,-0.1365888,13z/data=!4m10!1m3!2m2!1srestaurants+in+london+uk!6e5!3m5!1s0x487604d471c394ed:0x856064114fc66e1f!8m2!3d51.5114391!4d-0.1355731!15sChhyZXN0YXVyYW50cyBpbiBsb25kb24gdWtaGiIYcmVzdGF1cmFudHMgaW4gbG9uZG9uIHVrkgETamFwYW5lc2VfcmVzdGF1cmFudA"
Taro - Soho,Japanese restaurant,££,"1,844 reviews",4.3,"61 Brewer St, London W1F 9UW","https://www.google.com/maps/place/Taro+-+Soho/@51.5114391,-0.170592,13z/data=!4m10!1m3!2m2!1srestaurants+in+london+uk!6e5!3m5!1s0x487604d471c394ed:0x856064114fc66e1f!8m2!3d51.5114391!4d-0.1355731!15sChhyZXN0YXVyYW50cyBpbiBsb25kb24gdWtaGiIYcmVzdGF1cmFudHMgaW4gbG9uZG9uIHVrkgETamFwYW5lc2VfcmVzdGF1cmFudA"
St. JOHN Restaurant,British restaurant,£££,"1,673 reviews",4.5,"26 St John St, Barbican, London EC1M 4AY","https://www.google.com/maps/place/Obic%C3%A0+Mozzarella+Bar+-+Poland+Street/@51.5114391,-0.170592,13z/data=!4m7!1m3!2m2!1srestaurants+in+london+uk!6e5!3m2!1s0x48761b2b33205017:0x7d8ce092edcacd05!15sChhyZXN0YXVyYW50cyBpbiBsb25kb24gdWtaGiIYcmVzdGF1cmFudHMgaW4gbG9uZG9uIHVrkgESaXRhbGlhbl9yZXN0YXVyYW50"
Obicà Mozzarella Bar - Poland Street,Italian restaurant,££,710 reviews,4.2,,"https://www.google.com/maps/place/Obic%C3%A0+Mozzarella+Bar+-+Poland+Street/@51.5114391,-0.170592,13z/data=!4m10!1m3!2m2!1srestaurants+in+london+uk!6e5!3m5!1s0x48761b2b33205017:0x7d8ce092edcacd05!8m2!3d51.5149652!4d-0.1371893!15sChhyZXN0YXVyYW50cyBpbiBsb25kb24gdWtaGiIYcmVzdGF1cmFudHMgaW4gbG9uZG9uIHVrkgESaXRhbGlhbl9yZXN0YXVyYW50"
Smith & Wollensky,Steak house,££££,"1,250 reviews",4.5,"The Adelphi, 1-11 John Adam St, London WC2N 6HT","https://www.google.com/maps/place/Smith+%26+Wollensky/@51.5114391,-0.170592,13z/data=!4m10!1m3!2m2!1srestaurants+in+london+uk!6e5!3m5!1s0x487604c959323685:0xfc4237a3af426917!8m2!3d51.5094648!4d-0.1221005!15sChhyZXN0YXVyYW50cyBpbiBsb25kb24gdWtaGiIYcmVzdGF1cmFudHMgaW4gbG9uZG9uIHVrkgELc3RlYWtfaG91c2WaASNDaFpEU1VoTk1HOW5TMFZKUTBGblNVTlhNSE16Y0dObkVBRQ"
German Food,German restaurant,Not Available,41 reviews,4.8,London SE1 1DN,"https://www.google.com/maps/place/German+Food/@51.4985839,-0.1340147,13z/data=!4m10!1m3!2m2!1srestaurants+in+london+uk!6e5!3m5!1s0x4876054d70e2dbef:0x7b23cac6f965a82f!8m2!3d51.4985839!4d-0.0989958!15sChhyZXN0YXVyYW50cyBpbiBsb25kb24gdWtaGiIYcmVzdGF1cmFudHMgaW4gbG9uZG9uIHVrkgERZ2VybWFuX3Jlc3RhdXJhbnQ"
Fallow,Restaurant,Not Available,306 reviews,4.5,"2 St James's Market, St. James's, London SW1Y 4RP","https://www.google.com/maps/place/Fallow/@51.4985839,-0.1340147,13z/data=!4m10!1m3!2m2!1srestaurants+in+london+uk!6e5!3m5!1s0x487604d595786349:0x26d4df293937aa1a!8m2!3d51.5095711!4d-0.1329929!15sChhyZXN0YXVyYW50cyBpbiBsb25kb24gdWtaGiIYcmVzdGF1cmFudHMgaW4gbG9uZG9uIHVrkgEKcmVzdGF1cmFudA"
Bubba Gump Shrimp Co,Fish and seafood restaurant,££,"4,464 reviews",3.9,"13 Coventry St, London W1D 7AB","https://www.google.com/maps/place/Bubba+Gump+Shrimp+Co/@51.4985839,-0.1340147,13z/data=!3m1!5s0x487604d3cdea0553:0x77b7b2cad1bef2ad!4m10!1m3!2m2!1srestaurants+in+london+uk!6e5!3m5!1s0x487604d3ce238213:0x7fe872e8cee3f510!8m2!3d51.5103482!4d-0.1325867!15sChhyZXN0YXVyYW50cyBpbiBsb25kb24gdWtaGiIYcmVzdGF1cmFudHMgaW4gbG9uZG9uIHVrkgEbZmlzaF9hbmRfc2VhZm9vZF9yZXN0YXVyYW50"
Zizzi,Restaurant,££,"1,432 reviews",4.3,"73 Strand, London WC2R 0DE","https://www.google.com/maps/place/Angus+Steakhouse+Piccadilly+Circus/@51.4985839,-0.1340147,13z/data=!4m7!1m3!2m2!1srestaurants+in+london+uk!6e5!3m2!1s0x487604d3da201ba1:0x5389e09552aa5a9a!15sChhyZXN0YXVyYW50cyBpbiBsb25kb24gdWtaGiIYcmVzdGF1cmFudHMgaW4gbG9uZG9uIHVrkgELc3RlYWtfaG91c2WaASRDaGREU1VoTk1HOW5TMFZKUTBGblNVUTJhVnBVZVhGM1JSQUI"
Angus Steakhouse Piccadilly Circus,Steak house,££,"6,025 reviews",4.0,"21-22 Coventry St, Piccadilly, London W1D 7AE","https://www.google.com/maps/place/Angus+Steakhouse+Piccadilly+Circus/@51.4985839,-0.1340147,13z/data=!4m10!1m3!2m2!1srestaurants+in+london+uk!6e5!3m5!1s0x487604d3da201ba1:0x5389e09552aa5a9a!8m2!3d51.5100945!4d-0.1329472!15sChhyZXN0YXVyYW50cyBpbiBsb25kb24gdWtaGiIYcmVzdGF1cmFudHMgaW4gbG9uZG9uIHVrkgELc3RlYWtfaG91c2WaASRDaGREU1VoTk1HOW5TMFZKUTBGblNVUTJhVnBVZVhGM1JSQUI"
NOPI,Mediterranean restaurant,£££,"1,980 reviews",4.5,"21-22 Warwick St, London W1B 5NE","https://www.google.com/maps/place/NOPI/@51.4985839,-0.1340147,13z/data=!3m1!5s0x487604d5ae6d11d5:0xd04ebe01d774c987!4m10!1m3!2m2!1srestaurants+in+london+uk!6e5!3m5!1s0x487604d5b1d68889:0x5e42ea415103d817!8m2!3d51.5117272!4d-0.1384399!15sChhyZXN0YXVyYW50cyBpbiBsb25kb24gdWtaGiIYcmVzdGF1cmFudHMgaW4gbG9uZG9uIHVrkgEYbWVkaXRlcnJhbmVhbl9yZXN0YXVyYW50"
Old Compton Brasserie,Brasserie,££,850 reviews,4.5,"36, 38 Old Compton St, London W1D 4TT","https://www.google.com/maps/place/Old+Compton+Brasserie/@51.4985839,-0.1340147,13z/data=!4m10!1m3!2m2!1srestaurants+in+london+uk!6e5!3m5!1s0x487604d2e5afb0b1:0xf0e6f842cee26607!8m2!3d51.5131556!4d-0.1315479!15sChhyZXN0YXVyYW50cyBpbiBsb25kb24gdWtaGiIYcmVzdGF1cmFudHMgaW4gbG9uZG9uIHVrkgEUcmVzdGF1cmFudF9icmFzc2VyaWWaASNDaFpEU1VoTk1HOW5TMFZKUTBGblNVUTJla3BoWldaM0VBRQ"
Alexander The Great Restaurant,Greek restaurant,££,"1,123 reviews",4.5,"8 Plender St, London NW1 0JT","https://www.google.com/maps/place/Alexander+The+Great+Restaurant/@51.5362345,-0.1738919,13z/data=!4m10!1m3!2m2!1srestaurants+in+london+uk!6e5!3m5!1s0x48761b1f8f5de7a5:0x5cceb11ce2f53bd0!8m2!3d51.5362345!4d-0.138873!15sChhyZXN0YXVyYW50cyBpbiBsb25kb24gdWtaGiIYcmVzdGF1cmFudHMgaW4gbG9uZG9uIHVrkgEQZ3JlZWtfcmVzdGF1cmFudA"
ROBATA,Japanese restaurant,Not Available,448 reviews,4.3,"56 Old Compton St, London W1D 4UE","https://www.google.com/maps/place/ROBATA/@51.5108489,-0.1453714,12z/data=!4m10!1m3!2m2!1srestaurants+in+london+uk!6e5!3m5!1s0x4876053d0f377069:0xb1cca31cb9143a23!8m2!3d51.5128805!4d-0.1323498!15sChhyZXN0YXVyYW50cyBpbiBsb25kb24gdWtaGiIYcmVzdGF1cmFudHMgaW4gbG9uZG9uIHVrkgETamFwYW5lc2VfcmVzdGF1cmFudA"
Cơm Việt,Vietnamese restaurant,££,572 reviews,4.4,"2-4 Garrick St, London WC2E 9BH","https://www.google.com/maps/place/C%C6%A1m+Vi%E1%BB%87t/@51.5108489,-0.1453714,12z/data=!4m10!1m3!2m2!1srestaurants+in+london+uk!6e5!3m5!1s0x487604cc4e37e741:0xaea2f86472f35916!8m2!3d51.5115213!4d-0.1256635!15sChhyZXN0YXVyYW50cyBpbiBsb25kb24gdWtaGiIYcmVzdGF1cmFudHMgaW4gbG9uZG9uIHVrkgEVdmlldG5hbWVzZV9yZXN0YXVyYW50"
Iran Restaurant,Persian restaurant,££,"3,538 reviews",4.7,"27 Shepherd Market, London W1J 7PR","https://www.google.com/maps/place/Dinner+by+Heston+Blumenthal/@51.5108489,-0.1453714,12z/data=!4m7!1m3!2m2!1srestaurants+in+london+uk!6e5!3m2!1s0x4876053998f43547:0x60f3fd42f231a0fa!15sChhyZXN0YXVyYW50cyBpbiBsb25kb24gdWtaGiIYcmVzdGF1cmFudHMgaW4gbG9uZG9uIHVrkgESYnJpdGlzaF9yZXN0YXVyYW50"
Dinner by Heston Blumenthal,British restaurant,££££,"1,351 reviews",4.6,"66 Knightsbridge, London SW1X 7LA","https://www.google.com/maps/place/Dinner+by+Heston+Blumenthal/@51.5108489,-0.1453714,12z/data=!4m10!1m3!2m2!1srestaurants+in+london+uk!6e5!3m5!1s0x4876053998f43547:0x60f3fd42f231a0fa!8m2!3d51.502161!4d-0.159964!15sChhyZXN0YXVyYW50cyBpbiBsb25kb24gdWtaGiIYcmVzdGF1cmFudHMgaW4gbG9uZG9uIHVrkgESYnJpdGlzaF9yZXN0YXVyYW50"
Cafe Boheme,Restaurant,££,"1,321 reviews",4.4,"13 Old Compton St, London W1D 5JQ","https://www.google.com/maps/place/Cafe+Boheme/@51.5108489,-0.1453714,12z/data=!3m1!5s0x487604d29496d7f1:0xd40d9fc7c1bf09f9!4m10!1m3!2m2!1srestaurants+in+london+uk!6e5!3m5!1s0x487604d294c1efdd:0xbba1ed93b80e4e8f!8m2!3d51.5133528!4d-0.1305873!15sChhyZXN0YXVyYW50cyBpbiBsb25kb24gdWtaGiIYcmVzdGF1cmFudHMgaW4gbG9uZG9uIHVrkgEKcmVzdGF1cmFudA"
Prezzo Italian Restaurant London Glasshouse St Soho,Restaurant,££,671 reviews,3.9,"36 Glasshouse St, London W1B 5DL","https://www.google.com/maps/place/Prezzo+Italian+Restaurant+London+Glasshouse+St+Soho/@51.5108489,-0.1453714,12z/data=!4m10!1m3!2m2!1srestaurants+in+london+uk!6e5!3m5!1s0x487604cdd7f7d6c3:0x8726d17d87d43dfc!8m2!3d51.5106061!4d-0.136827!15sChhyZXN0YXVyYW50cyBpbiBsb25kb24gdWtaGiIYcmVzdGF1cmFudHMgaW4gbG9uZG9uIHVrkgEKcmVzdGF1cmFudA"
HIDE,Modern European restaurant,££££,"1,745 reviews",4.5,,"https://www.google.com/maps/place/HIDE/@51.5108489,-0.1453714,12z/data=!4m10!1m3!2m2!1srestaurants+in+london+uk!6e5!3m5!1s0x4876057bfdc4509f:0xae7716829398dce8!8m2!3d51.5061931!4d-0.1444369!15sChhyZXN0YXVyYW50cyBpbiBsb25kb24gdWtaGiIYcmVzdGF1cmFudHMgaW4gbG9uZG9uIHVrkgEabW9kZXJuX2V1cm9wZWFuX3Jlc3RhdXJhbnQ"
Browns Covent Garden,Brasserie,££,"2,327 reviews",4.1,"82-84 St Martin's Ln, Greater, London WC2N 4AG","https://www.google.com/maps/place/Browns+Covent+Garden/@51.5108489,-0.1453714,12z/data=!3m1!5s0x487604cdb95ea53f:0xaf032b64772997f9!4m10!1m3!2m2!1srestaurants+in+london+uk!6e5!3m5!1s0x487604cdb9636291:0xa0d5a3dd7d1fbda8!8m2!3d51.511314!4d-0.127275!15sChhyZXN0YXVyYW50cyBpbiBsb25kb24gdWtaGiIYcmVzdGF1cmFudHMgaW4gbG9uZG9uIHVrkgEUcmVzdGF1cmFudF9icmFzc2VyaWU"
Sussex Bar & Restaurant,Restaurant,Not Available,116 reviews,4.5,"63-64 Frith St, London W1D 3JW","https://www.google.com/maps/place/Sussex+Bar+%26+Restaurant/@51.5108489,-0.1453714,12z/data=!4m10!1m3!2m2!1srestaurants+in+london+uk!6e5!3m5!1s0x4876057b49f01ce3:0xda139de462d85d9a!8m2!3d51.514403!4d-0.1322135!15sChhyZXN0YXVyYW50cyBpbiBsb25kb24gdWtaGiIYcmVzdGF1cmFudHMgaW4gbG9uZG9uIHVrkgEKcmVzdGF1cmFudA"
Al Duca,Italian restaurant,££,283 reviews,4.3,,"https://www.google.com/maps/place/Al+Duca/@51.5108489,-0.1453714,12z/data=!4m10!1m3!2m2!1srestaurants+in+london+uk!6e5!3m5!1s0x487604d6c3bfd259:0x3a39877b3ca3ee76!8m2!3d51.5081355!4d-0.1362659!15sChhyZXN0YXVyYW50cyBpbiBsb25kb24gdWtaGiIYcmVzdGF1cmFudHMgaW4gbG9uZG9uIHVrkgESaXRhbGlhbl9yZXN0YXVyYW50"
Leicester Square Kitchen,Restaurant,££,577 reviews,4.4,,"https://www.google.com/maps/place/Leicester+Square+Kitchen/@51.5108489,-0.1453714,12z/data=!4m10!1m3!2m2!1srestaurants+in+london+uk!6e5!3m5!1s0x487604d20382e517:0xe50bddf07390efa9!8m2!3d51.5099027!4d-0.1296965!15sChhyZXN0YXVyYW50cyBpbiBsb25kb24gdWtaGiIYcmVzdGF1cmFudHMgaW4gbG9uZG9uIHVrkgEKcmVzdGF1cmFudA"
Hiba Street Food,Lebanese restaurant,£,876 reviews,4.6,"10 Tottenham St, London W1T 4RD","https://www.google.com/maps/place/Hiba+Street+Food/@51.5108489,-0.1453714,12z/data=!4m10!1m3!2m2!1srestaurants+in+london+uk!6e5!3m5!1s0x48761b2953298613:0x11c537fabe5b35a7!8m2!3d51.5206838!4d-0.1351766!15sChhyZXN0YXVyYW50cyBpbiBsb25kb24gdWtaGiIYcmVzdGF1cmFudHMgaW4gbG9uZG9uIHVrkgETbGViYW5lc2VfcmVzdGF1cmFudA"
Thai Square Trafalgar Square,Thai restaurant,££,950 reviews,4.1,,"https://www.google.com/maps/place/Thai+Square+Trafalgar+Square/@51.5108489,-0.1453714,12z/data=!4m10!1m3!2m2!1srestaurants+in+london+uk!6e5!3m5!1s0x487604d1ce4a3aed:0x58d7e09f36c3e392!8m2!3d51.5073796!4d-0.1300267!15sChhyZXN0YXVyYW50cyBpbiBsb25kb24gdWtaGiIYcmVzdGF1cmFudHMgaW4gbG9uZG9uIHVrkgEPdGhhaV9yZXN0YXVyYW50"
Savoir Faire Restaurant,Modern French restaurant,££,711 reviews,4.5,,"https://www.google.com/maps/place/Savoir+Faire+Restaurant/@51.5108489,-0.1453714,12z/data=!4m10!1m3!2m2!1srestaurants+in+london+uk!6e5!3m5!1s0x48761b3304e1bd9b:0x4e24567b7a5b0e26!8m2!3d51.5171814!4d-0.1258417!15sChhyZXN0YXVyYW50cyBpbiBsb25kb24gdWtaGiIYcmVzdGF1cmFudHMgaW4gbG9uZG9uIHVrkgEYbW9kZXJuX2ZyZW5jaF9yZXN0YXVyYW50"
Circolo Popolare,Italian restaurant,£££,"5,067 reviews",4.7,"40-41 Rathbone Pl, London W1T 1HX","https://www.google.com/maps/place/Circolo+Popolare/@51.5108489,-0.1453714,12z/data=!3m1!5s0x47d8baeaa44662f3:0xd40dda79723ab435!4m10!1m3!2m2!1srestaurants+in+london+uk!6e5!3m5!1s0x48761ba809fd882b:0x817eee82a924ec96!8m2!3d51.5172118!4d-0.1338416!15sChhyZXN0YXVyYW50cyBpbiBsb25kb24gdWtaGiIYcmVzdGF1cmFudHMgaW4gbG9uZG9uIHVrkgESaXRhbGlhbl9yZXN0YXVyYW50"
Hachi Japanese BBQ Restaurant,Yakiniku restaurant,Not Available,227 reviews,4.3,"56 Brewer St, London W1F 9TJ","https://www.google.com/maps/place/Hachi+Japanese+BBQ+Restaurant/@51.5108489,-0.1453714,12z/data=!4m10!1m3!2m2!1srestaurants+in+london+uk!6e5!3m5!1s0x487605afbcd63c9f:0x52a76590fd5c84e3!8m2!3d51.5113841!4d-0.1359489!15sChhyZXN0YXVyYW50cyBpbiBsb25kb24gdWtaGiIYcmVzdGF1cmFudHMgaW4gbG9uZG9uIHVrkgETeWFraW5pa3VfcmVzdGF1cmFudA"
Quaglino's,European restaurant,£££,"1,978 reviews",4.3,,"https://www.google.com/maps/place/Quaglino's/@51.5108489,-0.1453714,12z/data=!4m10!1m3!2m2!1srestaurants+in+london+uk!6e5!3m5!1s0x487604d64ef2008b:0x2404324ade487ffa!8m2!3d51.5074504!4d-0.138954!15sChhyZXN0YXVyYW50cyBpbiBsb25kb24gdWtaGiIYcmVzdGF1cmFudHMgaW4gbG9uZG9uIHVrkgETZXVyb3BlYW5fcmVzdGF1cmFudA"
Skylon,Modern European restaurant,£££,895 reviews,4.0,,"https://www.google.com/maps/place/Skylon/@51.5108489,-0.1453714,12z/data=!4m10!1m3!2m2!1srestaurants+in+london+uk!6e5!3m5!1s0x487604b7e7c78711:0xef0ed99a64ef17cb!8m2!3d51.505722!4d-0.1174495!15sChhyZXN0YXVyYW50cyBpbiBsb25kb24gdWtaGiIYcmVzdGF1cmFudHMgaW4gbG9uZG9uIHVrkgEabW9kZXJuX2V1cm9wZWFuX3Jlc3RhdXJhbnQ"
Terra Rossa,Italian restaurant,Not Available,406 reviews,4.5,"139 Upper St, London N1 1QP","https://www.google.com/maps/place/Terra+Rossa/@51.5108489,-0.1453714,12z/data=!3m1!5s0x48761b66f6ea2855:0x259e8c486e642557!4m10!1m3!2m2!1srestaurants+in+london+uk!6e5!3m5!1s0x48761bc468d59059:0x49e12b5d81464d59!8m2!3d51.5395052!4d-0.1026342!15sChhyZXN0YXVyYW50cyBpbiBsb25kb24gdWtaGiIYcmVzdGF1cmFudHMgaW4gbG9uZG9uIHVrkgESaXRhbGlhbl9yZXN0YXVyYW50"
Chettinad Restaurant,Indian restaurant,££,"1,595 reviews",4.3,,"https://www.google.com/maps/place/Chettinad+Restaurant/@51.5108489,-0.1453714,12z/data=!4m10!1m3!2m2!1srestaurants+in+london+uk!6e5!3m5!1s0x48761b2c43161215:0xa7c159183ac6972c!8m2!3d51.5184865!4d-0.1328549!15sChhyZXN0YXVyYW50cyBpbiBsb25kb24gdWtaGiIYcmVzdGF1cmFudHMgaW4gbG9uZG9uIHVrkgERaW5kaWFuX3Jlc3RhdXJhbnQ"
Flat Iron,Steak house,££,"4,107 reviews",4.5,"17 Beak St, Carnaby, London W1F 9RW","https://www.google.com/maps/place/Balthazar/@51.5108489,-0.1453714,12z/data=!4m7!1m3!2m2!1srestaurants+in+london+uk!6e5!3m2!1s0x487604cba00414f5:0xb0431fec86d33eee!15sChhyZXN0YXVyYW50cyBpbiBsb25kb24gdWtaGiIYcmVzdGF1cmFudHMgaW4gbG9uZG9uIHVrkgEKcmVzdGF1cmFudA"
Balthazar,Restaurant,£££,"2,705 reviews",4.3,"4-6 Russell St, London WC2B 5HZ","https://www.google.com/maps/place/Balthazar/@51.5108489,-0.1453714,12z/data=!4m10!1m3!2m2!1srestaurants+in+london+uk!6e5!3m5!1s0x487604cba00414f5:0xb0431fec86d33eee!8m2!3d51.5123798!4d-0.1213792!15sChhyZXN0YXVyYW50cyBpbiBsb25kb24gdWtaGiIYcmVzdGF1cmFudHMgaW4gbG9uZG9uIHVrkgEKcmVzdGF1cmFudA"
The Dining Room,American restaurant,Not Available,American restaurant,Not Available,"14 Old Park Ln, London W1K 1ND","https://www.google.com/maps/place/The+Dining+Room/@51.5108489,-0.1453714,12z/data=!3m1!5s0x4876052f7c0093cb:0x3ea6c62cdb6ed630!4m10!1m3!2m2!1srestaurants+in+london+uk!6e5!3m5!1s0x4876052f63f17985:0xc7b6ec574784fe78!8m2!3d51.5047296!4d-0.149289!15sChhyZXN0YXVyYW50cyBpbiBsb25kb24gdWtaGiIYcmVzdGF1cmFudHMgaW4gbG9uZG9uIHVrkgETYW1lcmljYW5fcmVzdGF1cmFudA"
Hard Rock Cafe,American restaurant,£££,"3,268 reviews",4.6,"Building 225, Criterion, 229 Coventry St, London W1J 9HR","https://www.google.com/maps/place/Hard+Rock+Cafe/@51.5108489,-0.1453714,12z/data=!4m10!1m3!2m2!1srestaurants+in+london+uk!6e5!3m5!1s0x4876058dacbf712f:0x2c9dde025b6a50f4!8m2!3d51.5099466!4d-0.1337187!15sChhyZXN0YXVyYW50cyBpbiBsb25kb24gdWtaGiIYcmVzdGF1cmFudHMgaW4gbG9uZG9uIHVrkgETYW1lcmljYW5fcmVzdGF1cmFudA"
Bocconcino Restaurant,Italian restaurant,£££,771 reviews,4.1,,"https://www.google.com/maps/place/Bocconcino+Restaurant/@51.5108489,-0.1453714,12z/data=!4m10!1m3!2m2!1srestaurants+in+london+uk!6e5!3m5!1s0x487605299def24f5:0xea56924c182e3238!8m2!3d51.5088035!4d-0.1437732!15sChhyZXN0YXVyYW50cyBpbiBsb25kb24gdWtaGiIYcmVzdGF1cmFudHMgaW4gbG9uZG9uIHVrkgESaXRhbGlhbl9yZXN0YXVyYW50"
The Wolseley,European restaurant,£££,"4,426 reviews",4.5,,"https://www.google.com/maps/place/The+Wolseley/@51.5108489,-0.1453714,12z/data=!4m10!1m3!2m2!1srestaurants+in+london+uk!6e5!3m5!1s0x4876052f571cfeaf:0x5350dedd3b5bb322!8m2!3d51.5074427!4d-0.1409233!15sChhyZXN0YXVyYW50cyBpbiBsb25kb24gdWtaGiIYcmVzdGF1cmFudHMgaW4gbG9uZG9uIHVrkgETZXVyb3BlYW5fcmVzdGF1cmFudA"
Heliot Steak House,Steak house,£££,718 reviews,4.5,,"https://www.google.com/maps/place/Heliot+Steak+House/@51.5108489,-0.1453714,12z/data=!4m10!1m3!2m2!1srestaurants+in+london+uk!6e5!3m5!1s0x487604cd911611b3:0x1a554968650c3a3e!8m2!3d51.5113776!4d-0.1287638!15sChhyZXN0YXVyYW50cyBpbiBsb25kb24gdWtaGiIYcmVzdGF1cmFudHMgaW4gbG9uZG9uIHVrkgELc3RlYWtfaG91c2U"
Holborn Dining Room,Fine dining restaurant,£££,"1,156 reviews",4.4,"252 High Holborn, London WC1V 7EN","https://www.google.com/maps/place/Holborn+Dining+Room/@51.5108489,-0.1453714,12z/data=!4m10!1m3!2m2!1srestaurants+in+london+uk!6e5!3m5!1s0x48761b35813eef8b:0xb2a415e29b095b15!8m2!3d51.5176141!4d-0.1176279!15sChhyZXN0YXVyYW50cyBpbiBsb25kb24gdWtaGiIYcmVzdGF1cmFudHMgaW4gbG9uZG9uIHVrkgEWZmluZV9kaW5pbmdfcmVzdGF1cmFudA"
J Sheekey,Restaurant,££££,"1,484 reviews",4.5,"28-32 St Martin's Ct, London WC2N 4AL","https://www.google.com/maps/place/J+Sheekey/@51.5108489,-0.1453714,12z/data=!4m10!1m3!2m2!1srestaurants+in+london+uk!6e5!3m5!1s0x487604cdea94f691:0xaf7fb570a74cd900!8m2!3d51.5108984!4d-0.1278404!15sChhyZXN0YXVyYW50cyBpbiBsb25kb24gdWtaGiIYcmVzdGF1cmFudHMgaW4gbG9uZG9uIHVrkgEKcmVzdGF1cmFudA"
Medlar,French restaurant,£££,390 reviews,4.8,,"https://www.google.com/maps/place/Medlar/@51.483142,-0.2477718,12z/data=!4m10!1m3!2m2!1srestaurants+in+london+uk!6e5!3m5!1s0x4876057aca191795:0x3bb9043599b607d3!8m2!3d51.4830949!4d-0.1777009!15sChhyZXN0YXVyYW50cyBpbiBsb25kb24gdWtaGiIYcmVzdGF1cmFudHMgaW4gbG9uZG9uIHVrkgERZnJlbmNoX3Jlc3RhdXJhbnQ"
Cinnamon Club,Restaurant,£££,"1,610 reviews",4.3,"The Old Westminster Library, Great Smith St, London SW1P 3BU","https://www.google.com/maps/place/Cinnamon+Club/@51.483142,-0.2477718,12z/data=!4m10!1m3!2m2!1srestaurants+in+london+uk!6e5!3m5!1s0x487604dcbaf70a7b:0x5ac9d64cad7e9dc3!8m2!3d51.497525!4d-0.1296543!15sChhyZXN0YXVyYW50cyBpbiBsb25kb24gdWtaGiIYcmVzdGF1cmFudHMgaW4gbG9uZG9uIHVrkgEKcmVzdGF1cmFudA"
50 Kalò di Ciro Salvo Pizzeria London,Pizza restaurant,££,"2,162 reviews",4.5,"7 Northumberland Ave, London WC2N 5BY","https://www.google.com/maps/place/50+Kal%C3%B2+di+Ciro+Salvo+Pizzeria+London/@51.483142,-0.2477718,12z/data=!4m10!1m3!2m2!1srestaurants+in+london+uk!6e5!3m5!1s0x487605752288afef:0x9ad14700d0feb1e5!8m2!3d51.5071461!4d-0.1265113!15sChhyZXN0YXVyYW50cyBpbiBsb25kb24gdWtaGiIYcmVzdGF1cmFudHMgaW4gbG9uZG9uIHVrkgEQcGl6emFfcmVzdGF1cmFudA"
London in the Sky,Restaurant,Not Available,122 reviews,4.4,"Peninsula Square, London SE10 0DX","https://www.google.com/maps/place/London+in+the+Sky/@51.5010073,-0.0658393,12z/data=!4m10!1m3!2m2!1srestaurants+in+london+uk!6e5!3m5!1s0x47d8a98b805dccf3:0xfafe6a5867f1f189!8m2!3d51.5010073!4d0.0041985!15sChhyZXN0YXVyYW50cyBpbiBsb25kb24gdWtaGiIYcmVzdGF1cmFudHMgaW4gbG9uZG9uIHVrkgEKcmVzdGF1cmFudA"
Fernando's,Restaurant,Not Available,1 review,5.0,"5 White Kennett St, London E1 7BS","https://www.google.com/maps/place/Fernando's/@51.5010073,-0.0658393,12z/data=!4m10!1m3!2m2!1srestaurants+in+london+uk!6e5!3m5!1s0x48761cb3504960ef:0xdbbc5b43880be582!8m2!3d51.5155034!4d-0.0769287!15sChhyZXN0YXVyYW50cyBpbiBsb25kb24gdWtaGiIYcmVzdGF1cmFudHMgaW4gbG9uZG9uIHVrkgEKcmVzdGF1cmFudA"
Golden Chippy,Fish & chips shop,£,"1,593 reviews",4.7,"62 Greenwich High Rd, London SE10 8LF","https://www.google.com/maps/place/Golden+Chippy/@51.4758556,-0.0886045,12z/data=!4m10!1m3!2m2!1srestaurants+in+london+uk!6e5!3m5!1s0x4876028bcc3137f5:0xe4e847cf1eb1b32c!8m2!3d51.4758717!4d-0.0185861!15sChhyZXN0YXVyYW50cyBpbiBsb25kb24gdWtaGiIYcmVzdGF1cmFudHMgaW4gbG9uZG9uIHVrkgEZZmlzaF9hbmRfY2hpcHNfcmVzdGF1cmFudA"
Rossopomodoro Covent Garden,Italian restaurant,££,"1,719 reviews",4.3,"50-52, Monmouth St, London WC2H 9EP","https://www.google.com/maps/place/Rossopomodoro+Covent+Garden/@51.4758556,-0.0886045,12z/data=!3m1!5s0x487604cd1226d65f:0x6eac37047c550aea!4m10!1m3!2m2!1srestaurants+in+london+uk!6e5!3m5!1s0x487604cd11e8c8d9:0x880927baf023cd36!8m2!3d51.513014!4d-0.1272764!15sChhyZXN0YXVyYW50cyBpbiBsb25kb24gdWtaGiIYcmVzdGF1cmFudHMgaW4gbG9uZG9uIHVrkgESaXRhbGlhbl9yZXN0YXVyYW50"
Viet Food,Vietnamese restaurant,££,"2,155 reviews",4.4,"34-36 Wardour St, London W1D 6QT","https://www.google.com/maps/place/Viet+Food/@51.5108489,-0.1453714,12z/data=!3m1!5s0x487604d3b2a5af9b:0x3ae59f62e3a2ef3f!4m10!1m3!2m2!1srestaurants+in+london+uk!6e5!3m5!1s0x487604d3b2b0a37b:0xae2a8b484a575ccd!8m2!3d51.511621!4d-0.1321675!15sChhyZXN0YXVyYW50cyBpbiBsb25kb24gdWtaGiIYcmVzdGF1cmFudHMgaW4gbG9uZG9uIHVrkgEVdmlldG5hbWVzZV9yZXN0YXVyYW50"
Brasserie of Light,Restaurant,Not Available,904 reviews,4.3,"400 Oxford St, Duke St, London W1A 1AB","https://www.google.com/maps/place/Brasserie+of+Light/@51.5108489,-0.1453714,12z/data=!4m10!1m3!2m2!1srestaurants+in+london+uk!6e5!3m5!1s0x48760551660d9db5:0x4c8088b81f20f543!8m2!3d51.5146994!4d-0.1518007!15sChhyZXN0YXVyYW50cyBpbiBsb25kb24gdWtaGiIYcmVzdGF1cmFudHMgaW4gbG9uZG9uIHVrkgEKcmVzdGF1cmFudA"
ROVI,Mediterranean restaurant,£££,927 reviews,4.6,"59 Wells St, London W1A 3AE","https://www.google.com/maps/place/ROVI/@51.5108489,-0.1453714,12z/data=!4m10!1m3!2m2!1srestaurants+in+london+uk!6e5!3m5!1s0x48761b277a0418d9:0xdf34d009ce1c0467!8m2!3d51.5176204!4d-0.1387599!15sChhyZXN0YXVyYW50cyBpbiBsb25kb24gdWtaGiIYcmVzdGF1cmFudHMgaW4gbG9uZG9uIHVrkgEYbWVkaXRlcnJhbmVhbl9yZXN0YXVyYW50"
Laxsa Soho,Malaysian restaurant,Not Available,290 reviews,4.4,"37 Old Compton St, London W1D 5JY","https://www.google.com/maps/place/Laxsa+Soho/@51.5108489,-0.1453714,12z/data=!4m10!1m3!2m2!1srestaurants+in+london+uk!6e5!3m5!1s0x487605710af9d3a1:0x8381a2499d267a34!8m2!3d51.5129115!4d-0.1317324!15sChhyZXN0YXVyYW50cyBpbiBsb25kb24gdWtaGiIYcmVzdGF1cmFudHMgaW4gbG9uZG9uIHVrkgEUbWFsYXlzaWFuX3Jlc3RhdXJhbnQ"
Mildreds Soho,Vegan restaurant,££,"3,153 reviews",4.5,"45 Lexington St, Carnaby, London W1F 9AN","https://www.google.com/maps/place/Mildreds+Soho/@51.5108489,-0.1453714,12z/data=!4m10!1m3!2m2!1srestaurants+in+london+uk!6e5!3m5!1s0x487604d4925cc9b1:0x1382b06767ef178b!8m2!3d51.5130244!4d-0.1364136!15sChhyZXN0YXVyYW50cyBpbiBsb25kb24gdWtaGiIYcmVzdGF1cmFudHMgaW4gbG9uZG9uIHVrkgEQdmVnYW5fcmVzdGF1cmFudA"
Bill's Soho Restaurant,Modern British restaurant,££,"3,810 reviews",4.3,"36-44 Brewer St, London W1F 9TB","https://www.google.com/maps/place/Bill's+Soho+Restaurant/@51.5108489,-0.1453714,12z/data=!4m10!1m3!2m2!1srestaurants+in+london+uk!6e5!3m5!1s0x487604d470b388d7:0xd9b0dbe68445a4fc!8m2!3d51.5118524!4d-0.1350999!15sChhyZXN0YXVyYW50cyBpbiBsb25kb24gdWtaGiIYcmVzdGF1cmFudHMgaW4gbG9uZG9uIHVrkgEZbW9kZXJuX2JyaXRpc2hfcmVzdGF1cmFudA"
Cotidie,Italian restaurant,Not Available,6 reviews,4.3,"50 Marylebone High St, London W1U 5HN","https://www.google.com/maps/place/Cotidie/@51.5108489,-0.1453714,12z/data=!4m10!1m3!2m2!1srestaurants+in+london+uk!6e5!3m5!1s0x48761ad1c1a54efd:0xd4c03e1c1bb79402!8m2!3d51.5216216!4d-0.151677!15sChhyZXN0YXVyYW50cyBpbiBsb25kb24gdWtaGiIYcmVzdGF1cmFudHMgaW4gbG9uZG9uIHVrkgESaXRhbGlhbl9yZXN0YXVyYW50"
Le Garrick,French restaurant,££,830 reviews,4.4,"10-12 Garrick St, London WC2E 9BH","https://www.google.com/maps/place/Le+Garrick/@51.5108489,-0.1453714,12z/data=!3m1!5s0x487604cc4e12bc55:0xd9e9f8d3bc4e0ce9!4m10!1m3!2m2!1srestaurants+in+london+uk!6e5!3m5!1s0x487604cc4e37e741:0xa01f2606af83e8b8!8m2!3d51.5116349!4d-0.1260958!15sChhyZXN0YXVyYW50cyBpbiBsb25kb24gdWtaGiIYcmVzdGF1cmFudHMgaW4gbG9uZG9uIHVrkgERZnJlbmNoX3Jlc3RhdXJhbnQ"
Tortilla Charing Cross,Mexican restaurant,£,"1,354 reviews",4.3,"460 Strand, London WC2R 0LQ","https://www.google.com/maps/place/Las+Iguanas+-+London+-+Royal+Festival+Hall/@51.5108489,-0.1453714,12z/data=!4m7!1m3!2m2!1srestaurants+in+london+uk!6e5!3m2!1s0x487604b7e7c78711:0x87947126ea0bf593!15sChhyZXN0YXVyYW50cyBpbiBsb25kb24gdWtaGiIYcmVzdGF1cmFudHMgaW4gbG9uZG9uIHVrkgEZbGF0aW5fYW1lcmljYW5fcmVzdGF1cmFudA"
Las Iguanas - London - Royal Festival Hall,Latin American restaurant,££,"2,545 reviews",4.0,"Southbank Centre, Festival Terrace, Belvedere Rd, London SE1 8XX","https://www.google.com/maps/place/The+Ivy+Soho+Brasserie/@51.5108489,-0.1453714,12z/data=!4m7!1m3!2m2!1srestaurants+in+london+uk!6e5!3m2!1s0x487604d3596e41e1:0xbcae4e2254425902!15sChhyZXN0YXVyYW50cyBpbiBsb25kb24gdWtaGiIYcmVzdGF1cmFudHMgaW4gbG9uZG9uIHVrkgESYnJpdGlzaF9yZXN0YXVyYW50"
The Ivy Soho Brasserie,British restaurant,£££,"2,206 reviews",4.3,"26-28 Broadwick St, London W1F 8JB","https://www.google.com/maps/place/The+Ivy+Soho+Brasserie/@51.5108489,-0.1453714,12z/data=!3m1!5s0x487604d4a31f9cd3:0x6240f16e2c40eca0!4m10!1m3!2m2!1srestaurants+in+london+uk!6e5!3m5!1s0x487604d3596e41e1:0xbcae4e2254425902!8m2!3d51.513836!4d-0.1357862!15sChhyZXN0YXVyYW50cyBpbiBsb25kb24gdWtaGiIYcmVzdGF1cmFudHMgaW4gbG9uZG9uIHVrkgESYnJpdGlzaF9yZXN0YXVyYW50"
Cinnamon Bazaar,Restaurant,££,848 reviews,4.1,,"https://www.google.com/maps/place/Cinnamon+Bazaar/@51.5108489,-0.1453714,12z/data=!4m10!1m3!2m2!1srestaurants+in+london+uk!6e5!3m5!1s0x487604cc0eb02233:0xee4641360219bb94!8m2!3d51.5106323!4d-0.1237152!15sChhyZXN0YXVyYW50cyBpbiBsb25kb24gdWtaGiIYcmVzdGF1cmFudHMgaW4gbG9uZG9uIHVrkgEKcmVzdGF1cmFudA"
Aqua Kyoto,Authentic Japanese Restaurant,£££,814 reviews,4.1,,"https://www.google.com/maps/place/Aqua+Kyoto/@51.5108489,-0.1453714,12z/data=!3m1!5s0x487604d566af8a59:0x7a6690878818f091!4m10!1m3!2m2!1srestaurants+in+london+uk!6e5!3m5!1s0x4876052aa7f7d857:0x9bc54887d2c29446!8m2!3d51.5144444!4d-0.1408333!15sChhyZXN0YXVyYW50cyBpbiBsb25kb24gdWtaGiIYcmVzdGF1cmFudHMgaW4gbG9uZG9uIHVrkgEdamFwYW5lc2VfYXV0aGVudGljX3Jlc3RhdXJhbnQ"
Palm Court Brasserie,Brasserie,££,999 reviews,4.3,,"https://www.google.com/maps/place/Palm+Court+Brasserie/@51.5108489,-0.1453714,12z/data=!4m10!1m3!2m2!1srestaurants+in+london+uk!6e5!3m5!1s0x487604cc64f6cb3b:0xbe4d426b6a6b2197!8m2!3d51.5119333!4d-0.1242524!15sChhyZXN0YXVyYW50cyBpbiBsb25kb24gdWtaGiIYcmVzdGF1cmFudHMgaW4gbG9uZG9uIHVrkgEUcmVzdGF1cmFudF9icmFzc2VyaWU"
Avobar,Health food restaurant,Not Available,707 reviews,3.9,"24 Henrietta St, London WC2E 8ND","https://www.google.com/maps/place/Avobar/@51.5108489,-0.1453714,12z/data=!3m1!5s0x487604cc12d63995:0x1b012ad1feae89a6!4m10!1m3!2m2!1srestaurants+in+london+uk!6e5!3m5!1s0x487604cc133c9953:0x3941819a83dc0fd9!8m2!3d51.510997!4d-0.1242773!15sChhyZXN0YXVyYW50cyBpbiBsb25kb24gdWtaGiIYcmVzdGF1cmFudHMgaW4gbG9uZG9uIHVrkgEWaGVhbHRoX2Zvb2RfcmVzdGF1cmFudA"
Honest Burgers Covent Garden,Hamburger restaurant,££,"2,200 reviews",4.4,"33 Southampton St, London WC2E 7HE","https://www.google.com/maps/place/Honest+Burgers+Covent+Garden/@51.5108489,-0.1453714,12z/data=!4m10!1m3!2m2!1srestaurants+in+london+uk!6e5!3m5!1s0x487604cbeb0c58ff:0xfa48cca0a2aa426e!8m2!3d51.5108441!4d-0.1221385!15sChhyZXN0YXVyYW50cyBpbiBsb25kb24gdWuSARRoYW1idXJnZXJfcmVzdGF1cmFudA"
Sticks'n'Sushi Covent Garden,Sushi restaurant,£££,"2,380 reviews",4.5,,"https://www.google.com/maps/place/Sticks'n'Sushi+Covent+Garden/@51.5108489,-0.1453714,12z/data=!4m10!1m3!2m2!1srestaurants+in+london+uk!6e5!3m5!1s0x487604cc74bb24db:0x70a27a595470a814!8m2!3d51.5110276!4d-0.1236169!15sChhyZXN0YXVyYW50cyBpbiBsb25kb24gdWtaGiIYcmVzdGF1cmFudHMgaW4gbG9uZG9uIHVrkgEQc3VzaGlfcmVzdGF1cmFudA"
VietCafe Haymarket,Vietnamese restaurant,££,347 reviews,4.2,"23 Haymarket, London SW1Y 4DG","https://www.google.com/maps/place/VietCafe+Haymarket/@51.5108489,-0.1453714,12z/data=!4m10!1m3!2m2!1srestaurants+in+london+uk!6e5!3m5!1s0x487604d1827e5045:0xe6c8976c955d5f9c!8m2!3d51.5091927!4d-0.132103!15sChhyZXN0YXVyYW50cyBpbiBsb25kb24gdWtaGiIYcmVzdGF1cmFudHMgaW4gbG9uZG9uIHVrkgEVdmlldG5hbWVzZV9yZXN0YXVyYW50"
Winter Garden Restaurant,Fine dining restaurant,££,409 reviews,4.6,"The Landmark London, 222 Marylebone Rd, London NW1 6JQ","https://www.google.com/maps/place/Winter+Garden+Restaurant/@51.5108489,-0.1453714,12z/data=!4m10!1m3!2m2!1srestaurants+in+london+uk!6e5!3m5!1s0x48761ac9e7dc5e8d:0xff665ab5e7977fee!8m2!3d51.5215335!4d-0.1622065!15sChhyZXN0YXVyYW50cyBpbiBsb25kb24gdWtaGiIYcmVzdGF1cmFudHMgaW4gbG9uZG9uIHVrkgEWZmluZV9kaW5pbmdfcmVzdGF1cmFudA"
Cote - St Martin's Lane,French restaurant,££,"1,301 reviews",4.3,,"https://www.google.com/maps/place/Cote+-+St+Martin's+Lane/@51.5108489,-0.1453714,12z/data=!4m10!1m3!2m2!1srestaurants+in+london+uk!6e5!3m5!1s0x487604cdc9ad66f5:0x59b01a88a5ac2134!8m2!3d51.5107161!4d-0.1268411!15sChhyZXN0YXVyYW50cyBpbiBsb25kb24gdWtaGiIYcmVzdGF1cmFudHMgaW4gbG9uZG9uIHVrkgERZnJlbmNoX3Jlc3RhdXJhbnQ"
BAO Soho,Taiwanese restaurant,££,"2,036 reviews",4.3,"53 Lexington St, Carnaby, London W1F 9AS","https://www.google.com/maps/place/DUCKSOUP/@51.5108489,-0.1453714,12z/data=!4m7!1m3!2m2!1srestaurants+in+london+uk!6e5!3m2!1s0x487604d31e133b33:0x63e1f809f021c29d!15sChhyZXN0YXVyYW50cyBpbiBsb25kb24gdWtaGiIYcmVzdGF1cmFudHMgaW4gbG9uZG9uIHVrkgETZWNsZWN0aWNfcmVzdGF1cmFudA"
DUCKSOUP,Eclectic restaurant,££,472 reviews,4.4,,"https://www.google.com/maps/place/DUCKSOUP/@51.5108489,-0.1453714,12z/data=!4m10!1m3!2m2!1srestaurants+in+london+uk!6e5!3m5!1s0x487604d31e133b33:0x63e1f809f021c29d!8m2!3d51.5133101!4d-0.132151!15sChhyZXN0YXVyYW50cyBpbiBsb25kb24gdWtaGiIYcmVzdGF1cmFudHMgaW4gbG9uZG9uIHVrkgETZWNsZWN0aWNfcmVzdGF1cmFudA"
The Port House,Tapas restaurant,££,909 reviews,4.6,"417 Strand, London WC2R 0PD","https://www.google.com/maps/place/The+Port+House/@51.5108489,-0.1453714,12z/data=!4m10!1m3!2m2!1srestaurants+in+london+uk!6e5!3m5!1s0x487604cbf8af4a8b:0xecbaee9d7e4920e1!8m2!3d51.5099302!4d-0.1231113!15sChhyZXN0YXVyYW50cyBpbiBsb25kb24gdWtaGiIYcmVzdGF1cmFudHMgaW4gbG9uZG9uIHVrkgEQdGFwYXNfcmVzdGF1cmFudA"
Big Easy Bar BQ & Crabshack,American restaurant,££,"3,534 reviews",4.1,"12 Maiden Ln, London WC2E 7NA","https://www.google.com/maps/place/Big+Easy+Bar+BQ+%26+Crabshack/@51.5108489,-0.1453714,12z/data=!3m1!5s0x487604cbf40186d5:0xc6e756f225b527f6!4m10!1m3!2m2!1srestaurants+in+london+uk!6e5!3m5!1s0x487604cbf3db9b87:0x4908a6a2b885ca23!8m2!3d51.5106786!4d-0.1229818!15sChhyZXN0YXVyYW50cyBpbiBsb25kb24gdWtaGiIYcmVzdGF1cmFudHMgaW4gbG9uZG9uIHVrkgETYW1lcmljYW5fcmVzdGF1cmFudA"
Paradise Soho,Sri Lankan restaurant,Not Available,196 reviews,4.4,,"https://www.google.com/maps/place/Paradise+Soho/@51.5108489,-0.1453714,12z/data=!4m10!1m3!2m2!1srestaurants+in+london+uk!6e5!3m5!1s0x487605fd6757237b:0x5a1cb37cd852e238!8m2!3d51.5121646!4d-0.1337911!15sChhyZXN0YXVyYW50cyBpbiBsb25kb24gdWtaGiIYcmVzdGF1cmFudHMgaW4gbG9uZG9uIHVrkgEVc3JpX2xhbmthbl9yZXN0YXVyYW50"
Haidilao Hot Pot,Hot pot restaurant,££,"1,153 reviews",4.4,"Unit 4/5 Coventry St, London W1D 7DH","https://www.google.com/maps/place/Haidilao+Hot+Pot/@51.5108489,-0.1453714,12z/data=!4m10!1m3!2m2!1srestaurants+in+london+uk!6e5!3m5!1s0x48760531735710ab:0x70820198573f7077!8m2!3d51.5103135!4d-0.1328395!15sChhyZXN0YXVyYW50cyBpbiBsb25kb24gdWtaGiIYcmVzdGF1cmFudHMgaW4gbG9uZG9uIHVrkgESaG90X3BvdF9yZXN0YXVyYW50"
L'ulivo Charing Cross,Italian restaurant,££,854 reviews,4.1,,"https://www.google.com/maps/place/L'ulivo+Charing+Cross/@51.5108489,-0.1453714,12z/data=!4m10!1m3!2m2!1srestaurants+in+london+uk!6e5!3m5!1s0x487604ce9589fd65:0x6de4691d29660a2f!8m2!3d51.508235!4d-0.1239464!15sChhyZXN0YXVyYW50cyBpbiBsb25kb24gdWtaGiIYcmVzdGF1cmFudHMgaW4gbG9uZG9uIHVrkgESaXRhbGlhbl9yZXN0YXVyYW50"
Strada Southbank,Italian restaurant,££,"1,540 reviews",4.1,"A, Royal Festival Hall, 337-338 Belvedere Rd, London SE1 8XX","https://www.google.com/maps/place/Strada+Southbank/@51.5108489,-0.1453714,12z/data=!3m1!5s0x487604fadb43dd2d:0x14635b3c9df91424!4m10!1m3!2m2!1srestaurants+in+london+uk!6e5!3m5!1s0x487604b7e7756df1:0xc48d6cd2b651c257!8m2!3d51.505878!4d-0.1173663!15sChhyZXN0YXVyYW50cyBpbiBsb25kb24gdWtaGiIYcmVzdGF1cmFudHMgaW4gbG9uZG9uIHVrkgESaXRhbGlhbl9yZXN0YXVyYW50"
Boulevard Brasserie,French restaurant,££,654 reviews,4.3,,"https://www.google.com/maps/place/Boulevard+Brasserie/@51.5108489,-0.1453714,12z/data=!4m10!1m3!2m2!1srestaurants+in+london+uk!6e5!3m5!1s0x487604cb07371cbf:0x5051927ac6ad5143!8m2!3d51.5124934!4d-0.1208642!15sChhyZXN0YXVyYW50cyBpbiBsb25kb24gdWtaGiIYcmVzdGF1cmFudHMgaW4gbG9uZG9uIHVrkgERZnJlbmNoX3Jlc3RhdXJhbnQ"
Berenjak,Restaurant,££,527 reviews,4.4,"27 Romilly St, London W1D 5AL","https://www.google.com/maps/place/Berenjak/@51.5108489,-0.1453714,12z/data=!4m10!1m3!2m2!1srestaurants+in+london+uk!6e5!3m5!1s0x48760533134b669b:0xbc560d9169dcb066!8m2!3d51.5130327!4d-0.1307591!15sChhyZXN0YXVyYW50cyBpbiBsb25kb24gdWtaGiIYcmVzdGF1cmFudHMgaW4gbG9uZG9uIHVrkgEKcmVzdGF1cmFudA"
Sticks'n' Sushi Soho,Sushi restaurant,Not Available,492 reviews,4.6,"40 Beak St, London W1F 9RQ","https://www.google.com/maps/place/Sticks'n'+Sushi+Soho/@51.5108489,-0.1453714,12z/data=!4m10!1m3!2m2!1srestaurants+in+london+uk!6e5!3m5!1s0x48760564fabbc2a5:0x919fe9a0cb55d39b!8m2!3d51.5125515!4d-0.1370622!15sChhyZXN0YXVyYW50cyBpbiBsb25kb24gdWtaGiIYcmVzdGF1cmFudHMgaW4gbG9uZG9uIHVrkgEQc3VzaGlfcmVzdGF1cmFudA"
Eat Tokyo (Soho),Japanese restaurant,££,"3,321 reviews",4.3,"16 Old Compton St, London W1D 4TL","https://www.google.com/maps/place/Eat+Tokyo+(Soho)/@51.5108489,-0.1453714,12z/data=!4m10!1m3!2m2!1srestaurants+in+london+uk!6e5!3m5!1s0x487604d2ed0c6601:0xa3e0d243e40a8107!8m2!3d51.5136993!4d-0.1301915!15sChhyZXN0YXVyYW50cyBpbiBsb25kb24gdWtaGiIYcmVzdGF1cmFudHMgaW4gbG9uZG9uIHVrkgETamFwYW5lc2VfcmVzdGF1cmFudA"
Viet Soho,Vietnamese restaurant,£,389 reviews,4.3,"34 Greek St, London W1D 5DJ","https://www.google.com/maps/place/Viet+Soho/@51.5108489,-0.1453714,12z/data=!4m10!1m3!2m2!1srestaurants+in+london+uk!6e5!3m5!1s0x487604d28e1ed587:0xe25a0dc6f63de72c!8m2!3d51.5129816!4d-0.1302839!15sChhyZXN0YXVyYW50cyBpbiBsb25kb24gdWtaGiIYcmVzdGF1cmFudHMgaW4gbG9uZG9uIHVrkgEVdmlldG5hbWVzZV9yZXN0YXVyYW50"
Punjab Restaurant,Indian restaurant,££,"2,380 reviews",4.3,"80 Neal St, London WC2H 9PA","https://www.google.com/maps/place/Punjab+Restaurant/@51.5108489,-0.1453714,12z/data=!4m10!1m3!2m2!1srestaurants+in+london+uk!6e5!3m5!1s0x48761b32d462063b:0xf4cf9b277316dff4!8m2!3d51.5151053!4d-0.1265203!15sChhyZXN0YXVyYW50cyBpbiBsb25kb24gdWtaGiIYcmVzdGF1cmFudHMgaW4gbG9uZG9uIHVrkgERaW5kaWFuX3Jlc3RhdXJhbnQ"
Prezzo Italian Restaurant London Victoria,Restaurant,££,272 reviews,3.8,"Victoria Place Shopping Centre, 115 Buckingham Palace Rd, London SW1W 9SJ","https://www.google.com/maps/place/Prezzo+Italian+Restaurant+London+Victoria/@51.5108489,-0.1453714,12z/data=!3m1!5s0x48760521e6013f4b:0x9f1f2e79eae02680!4m10!1m3!2m2!1srestaurants+in+london+uk!6e5!3m5!1s0x48760521f22b5571:0x9f40bf5675e6a01f!8m2!3d51.4945246!4d-0.1457465!15sChhyZXN0YXVyYW50cyBpbiBsb25kb24gdWtaGiIYcmVzdGF1cmFudHMgaW4gbG9uZG9uIHVrkgEKcmVzdGF1cmFudA"
Yauatcha Soho,Chinese restaurant,£££,"3,210 reviews",4.3,"15-17 Broadwick St, London W1F 0DL","https://www.google.com/maps/place/Yauatcha+Soho/@51.5108489,-0.1453714,12z/data=!4m10!1m3!2m2!1srestaurants+in+london+uk!6e5!3m5!1s0x487604d49f0af085:0xb09e9b5b88831204!8m2!3d51.513587!4d-0.1351682!15sChhyZXN0YXVyYW50cyBpbiBsb25kb24gdWtaGiIYcmVzdGF1cmFudHMgaW4gbG9uZG9uIHVrkgESY2hpbmVzZV9yZXN0YXVyYW50"
Cafe Murano St James,Italian restaurant,£££,494 reviews,4.4,"33 St James's St, St. James's, London SW1A 1HD","https://www.google.com/maps/place/Cafe+Murano+St+James/@51.5108489,-0.1453714,12z/data=!3m1!5s0x48761c9b8033b215:0x3db56613580d1f9f!4m10!1m3!2m2!1srestaurants+in+london+uk!6e5!3m5!1s0x487604d63368a67d:0x5ff9295da4e4b98b!8m2!3d51.5072751!4d-0.1396365!15sChhyZXN0YXVyYW50cyBpbiBsb25kb24gdWtaGiIYcmVzdGF1cmFudHMgaW4gbG9uZG9uIHVrkgESaXRhbGlhbl9yZXN0YXVyYW50"
Souk,Halal restaurant,££,"1,086 reviews",3.9,,"https://www.google.com/maps/place/Kanada-Ya/@51.5108489,-0.1453714,12z/data=!4m7!1m3!2m2!1srestaurants+in+london+uk!6e5!3m2!1s0x487604d18243dcb9:0xa738354eebf5bab3!15sChhyZXN0YXVyYW50cyBpbiBsb25kb24gdWuSARByYW1lbl9yZXN0YXVyYW50"
Kanada-Ya,Ramen restaurant,££,"1,628 reviews",4.4,"3 Panton St, London SW1Y 4DL","https://www.google.com/maps/place/Bibimbap+Soho/@51.5108489,-0.1453714,12z/data=!4m7!1m3!2m2!1srestaurants+in+london+uk!6e5!3m2!1s0x487604d2c8e87663:0xdf96c42b6b954d34!15sChhyZXN0YXVyYW50cyBpbiBsb25kb24gdWtaGiIYcmVzdGF1cmFudHMgaW4gbG9uZG9uIHVrkgERa29yZWFuX3Jlc3RhdXJhbnQ"
Bibimbap Soho,Korean restaurant,£,"1,719 reviews",4.2,"11 Greek St, London W1D 4DJ","https://www.google.com/maps/place/Bibimbap+Soho/@51.5108489,-0.1453714,12z/data=!4m10!1m3!2m2!1srestaurants+in+london+uk!6e5!3m5!1s0x487604d2c8e87663:0xdf96c42b6b954d34!8m2!3d51.5143872!4d-0.1309863!15sChhyZXN0YXVyYW50cyBpbiBsb25kb24gdWtaGiIYcmVzdGF1cmFudHMgaW4gbG9uZG9uIHVrkgERa29yZWFuX3Jlc3RhdXJhbnQ"
Wildwood,Pizza restaurant,££,723 reviews,4.0,,"https://www.google.com/maps/place/Wildwood/@51.5108489,-0.1453714,12z/data=!4m10!1m3!2m2!1srestaurants+in+london+uk!6e5!3m5!1s0x487604cb11e3c84f:0x923a12222a79864!8m2!3d51.5129912!4d-0.1214404!15sChhyZXN0YXVyYW50cyBpbiBsb25kb24gdWtaGiIYcmVzdGF1cmFudHMgaW4gbG9uZG9uIHVrkgEQcGl6emFfcmVzdGF1cmFudA"
Mediterranean Cafe,Mediterranean restaurant,££,430 reviews,4.3,"18 Berwick St, London W1F 0PX","https://www.google.com/maps/place/Mediterranean+Cafe/@51.5108489,-0.1453714,12z/data=!4m10!1m3!2m2!1srestaurants+in+london+uk!6e5!3m5!1s0x487604d3608cf523:0x167b01326d69e312!8m2!3d51.5136812!4d-0.1348535!15sChhyZXN0YXVyYW50cyBpbiBsb25kb24gdWtaGiIYcmVzdGF1cmFudHMgaW4gbG9uZG9uIHVrkgEYbWVkaXRlcnJhbmVhbl9yZXN0YXVyYW50"
Mestizo Mexican Restaurant,Mexican restaurant,££,"2,515 reviews",4.3,"103 Hampstead Rd, London NW1 3EL","https://www.google.com/maps/place/Mestizo+Mexican+Restaurant/@51.5108489,-0.1453714,12z/data=!4m10!1m3!2m2!1srestaurants+in+london+uk!6e5!3m5!1s0x48761b27a577882f:0x2f6367bc67104dfa!8m2!3d51.5276399!4d-0.138783!15sChhyZXN0YXVyYW50cyBpbiBsb25kb24gdWtaGiIYcmVzdGF1cmFudHMgaW4gbG9uZG9uIHVrkgESbWV4aWNhbl9yZXN0YXVyYW50"
P.F. Chang's Asian Table - Leicester Square,Asian restaurant,££,"1,964 reviews",3.9,"10 Great Newport St, London WC2H 7JA","https://www.google.com/maps/place/P.F.+Chang's+Asian+Table+-+Leicester+Square/@51.5108489,-0.1453714,12z/data=!3m1!5s0x487604cd9ed50149:0x227e2ae3d4bdcdec!4m10!1m3!2m2!1srestaurants+in+london+uk!6e5!3m5!1s0x487604cd98ef948d:0xc96e3cd3e27def7b!8m2!3d51.5119502!4d-0.1278653!15sChhyZXN0YXVyYW50cyBpbiBsb25kb24gdWtaGiIYcmVzdGF1cmFudHMgaW4gbG9uZG9uIHVrkgEQYXNpYW5fcmVzdGF1cmFudA"
Refuel Bar & Restaurant,Bar,Not Available,213 reviews,4.3,"4 Richmond Mews, London W1D 3DH","https://www.google.com/maps/place/Refuel+Bar+%26+Restaurant/@51.5108489,-0.1453714,12z/data=!4m10!1m3!2m2!1srestaurants+in+london+uk!6e5!3m5!1s0x487604d341358113:0x58822babdf776783!8m2!3d51.5140444!4d-0.1337472!15sChhyZXN0YXVyYW50cyBpbiBsb25kb24gdWtaGiIYcmVzdGF1cmFudHMgaW4gbG9uZG9uIHVrkgEDYmFy"
Bella Italia - Irving Street,Italian restaurant,££,953 reviews,4.1,"10 Irving St, London WC2H 7AT","https://www.google.com/maps/place/Bella+Italia+-+Irving+Street/@51.5108489,-0.1453714,12z/data=!4m10!1m3!2m2!1srestaurants+in+london+uk!6e5!3m5!1s0x487604cdfcea1c99:0x20075fd3df5aca68!8m2!3d51.5099925!4d-0.1285535!15sChhyZXN0YXVyYW50cyBpbiBsb25kb24gdWtaGiIYcmVzdGF1cmFudHMgaW4gbG9uZG9uIHVrkgESaXRhbGlhbl9yZXN0YXVyYW50"
The 10 Cases,Wine bar,££,710 reviews,4.6,,"https://www.google.com/maps/place/The+10+Cases/@51.5108489,-0.1453714,12z/data=!4m10!1m3!2m2!1srestaurants+in+london+uk!6e5!3m5!1s0x487604ccb114da1b:0xc889cfb913c5d77f!8m2!3d51.5144738!4d-0.1242846!15sChhyZXN0YXVyYW50cyBpbiBsb25kb24gdWtaGiIYcmVzdGF1cmFudHMgaW4gbG9uZG9uIHVrkgEId2luZV9iYXI"
Maxwell's Bar & Grill,Bar & grill,££,"1,294 reviews",4.1,,"https://www.google.com/maps/place/Maxwell's+Bar+%26+Grill/@51.5108489,-0.1453714,12z/data=!4m10!1m3!2m2!1srestaurants+in+london+uk!6e5!3m5!1s0x487604cb7dfa3901:0xe31f6a8dcfde2563!8m2!3d51.5117264!4d-0.1246661!15sChhyZXN0YXVyYW50cyBpbiBsb25kb24gdWtaGiIYcmVzdGF1cmFudHMgaW4gbG9uZG9uIHVrkgENYmFyX2FuZF9ncmlsbA"
Kazan Restaurant,Turkish restaurant,££,818 reviews,4.5,,"https://www.google.com/maps/place/Kazan+Restaurant/@51.5108489,-0.1453714,12z/data=!4m10!1m3!2m2!1srestaurants+in+london+uk!6e5!3m5!1s0x487604e01fec5bc9:0x9098aba22acbc519!8m2!3d51.4926711!4d-0.1405933!15sChhyZXN0YXVyYW50cyBpbiBsb25kb24gdWtaGiIYcmVzdGF1cmFudHMgaW4gbG9uZG9uIHVrkgESdHVya2lzaF9yZXN0YXVyYW50"
Fatt Pundit,Asian fusion restaurant,Not Available,479 reviews,4.4,"77 Berwick St, London W1F 8TH","https://www.google.com/maps/place/Fatt+Pundit/@51.5108489,-0.1453714,12z/data=!4m10!1m3!2m2!1srestaurants+in+london+uk!6e5!3m5!1s0x487605bfc7dd70a3:0x8cffae89825e1055!8m2!3d51.5143645!4d-0.1357301!15sChhyZXN0YXVyYW50cyBpbiBsb25kb24gdWtaGiIYcmVzdGF1cmFudHMgaW4gbG9uZG9uIHVrkgEXYXNpYW5fZnVzaW9uX3Jlc3RhdXJhbnQ"
Harry's Bar,Italian restaurant,Not Available,613 reviews,4.1,"30 -34 James St, London W1U 1ER","https://www.google.com/maps/place/Harry's+Bar/@51.5108489,-0.1453714,12z/data=!4m10!1m3!2m2!1srestaurants+in+london+uk!6e5!3m5!1s0x48761b4b07d5efe7:0x92b1b970cc98cc69!8m2!3d51.5152816!4d-0.1505987!15sChhyZXN0YXVyYW50cyBpbiBsb25kb24gdWtaGiIYcmVzdGF1cmFudHMgaW4gbG9uZG9uIHVrkgESaXRhbGlhbl9yZXN0YXVyYW50"
Bella Italia - The Strand,Italian restaurant,££,"1,357 reviews",4.0,"65 Strand, London WC2N 5LR","https://www.google.com/maps/place/Bella+Italia+-+The+Strand/@51.5108489,-0.1453714,12z/data=!4m10!1m3!2m2!1srestaurants+in+london+uk!6e5!3m5!1s0x487604c955a18c5d:0xdc48f9ee1a74c616!8m2!3d51.5097359!4d-0.1228379!15sChhyZXN0YXVyYW50cyBpbiBsb25kb24gdWtaGiIYcmVzdGF1cmFudHMgaW4gbG9uZG9uIHVrkgESaXRhbGlhbl9yZXN0YXVyYW50"
Andy’s Greek Taverna,Greek restaurant,££,"1,677 reviews",4.6,"23 Pratt St., London NW1 0BG","https://www.google.com/maps/place/Andy%E2%80%99s+Greek+Taverna/@51.5108489,-0.1453714,12z/data=!4m10!1m3!2m2!1srestaurants+in+london+uk!6e5!3m5!1s0x48761b1fc4c32c47:0x9e6a34685177a48!8m2!3d51.5377234!4d-0.1398234!15sChhyZXN0YXVyYW50cyBpbiBsb25kb24gdWtaGiIYcmVzdGF1cmFudHMgaW4gbG9uZG9uIHVrkgEQZ3JlZWtfcmVzdGF1cmFudA"
Daphne's,Restaurant,£££,628 reviews,4.4,"112 Draycott Ave, London SW3 3AE","https://www.google.com/maps/place/Daphne's/@51.5108489,-0.1453714,12z/data=!4m10!1m3!2m2!1srestaurants+in+london+uk!6e5!3m5!1s0x4876056a79b054e7:0xd27361c16b863323!8m2!3d51.4936729!4d-0.167754!15sChhyZXN0YXVyYW50cyBpbiBsb25kb24gdWtaGiIYcmVzdGF1cmFudHMgaW4gbG9uZG9uIHVrkgEKcmVzdGF1cmFudA"
Figo Stratford,Italian restaurant,Not Available,591 reviews,4.4,"17 Endeavour Square, London E20 1JN","https://www.google.com/maps/place/Figo+Stratford/@51.5108489,-0.1453714,12z/data=!4m10!1m3!2m2!1srestaurants+in+london+uk!6e5!3m5!1s0x48761d6b4ca8c679:0x27a53ee3b79d91e3!8m2!3d51.5421273!4d-0.0089563!15sChhyZXN0YXVyYW50cyBpbiBsb25kb24gdWtaGiIYcmVzdGF1cmFudHMgaW4gbG9uZG9uIHVrkgESaXRhbGlhbl9yZXN0YXVyYW50"
Thai Tho Soho,Thai restaurant,££,916 reviews,4.1,"42 Rupert St, London W1D 6DP","https://www.google.com/maps/place/Thai+Tho+Soho/@51.5108489,-0.1453714,12z/data=!4m10!1m3!2m2!1srestaurants+in+london+uk!6e5!3m5!1s0x487604d3b09b14eb:0xa49320011bf6f8d7!8m2!3d51.5113938!4d-0.1328342!15sChhyZXN0YXVyYW50cyBpbiBsb25kb24gdWtaGiIYcmVzdGF1cmFudHMgaW4gbG9uZG9uIHVrkgEPdGhhaV9yZXN0YXVyYW50"
Sky Garden,Scenic point,Not Available,"41,337 reviews",4.7,,"https://www.google.com/maps/place/Bella+Italia+-+St+Martins+Lane/@51.5108489,-0.1453714,12z/data=!4m7!1m3!2m2!1srestaurants+in+london+uk!6e5!3m2!1s0x487604cdb03228b9:0x7ac550e3645f2336!15sChhyZXN0YXVyYW50cyBpbiBsb25kb24gdWtaGiIYcmVzdGF1cmFudHMgaW4gbG9uZG9uIHVrkgESaXRhbGlhbl9yZXN0YXVyYW50"
Bella Italia - St Martins Lane,Italian restaurant,££,"1,562 reviews",4.2,"70 St Martin's Ln, London WC2N 4JS","https://www.google.com/maps/place/Bella+Italia+-+Shaftesbury+Avenue/@51.5108489,-0.1453714,12z/data=!4m7!1m3!2m2!1srestaurants+in+london+uk!6e5!3m2!1s0x487604d254b81681:0x1d9906c5d2f46806!15sChhyZXN0YXVyYW50cyBpbiBsb25kb24gdWuSARJpdGFsaWFuX3Jlc3RhdXJhbnQ"
Bella Italia - Shaftesbury Avenue,Italian restaurant,££,"1,000 reviews",4.0,"61-63 Shaftesbury Ave, London W1D 6LQ","https://www.google.com/maps/place/Bella+Italia+-+Shaftesbury+Avenue/@51.5108489,-0.1453714,12z/data=!4m10!1m3!2m2!1srestaurants+in+london+uk!6e5!3m5!1s0x487604d254b81681:0x1d9906c5d2f46806!8m2!3d51.5120787!4d-0.1321088!15sChhyZXN0YXVyYW50cyBpbiBsb25kb24gdWuSARJpdGFsaWFuX3Jlc3RhdXJhbnQ"
Chipotle Mexican Grill,Mexican restaurant,£,"1,413 reviews",4.2,"92-93 St Martin's Ln, London WC2N 4AP","https://www.google.com/maps/place/Chipotle+Mexican+Grill/@51.5108489,-0.1453714,12z/data=!4m10!1m3!2m2!1srestaurants+in+london+uk!6e5!3m5!1s0x487604cdc653c03d:0xad06c21864063252!8m2!3d51.5107927!4d-0.1271657!15sChhyZXN0YXVyYW50cyBpbiBsb25kb24gdWtaGiIYcmVzdGF1cmFudHMgaW4gbG9uZG9uIHVrkgESbWV4aWNhbl9yZXN0YXVyYW50"
Dozo Soho,Sushi restaurant,££,"1,284 reviews",4.2,"32 Old Compton St, London W1D 4TP","https://www.google.com/maps/place/Dozo+Soho/@51.5108489,-0.1453714,12z/data=!4m10!1m3!2m2!1srestaurants+in+london+uk!6e5!3m5!1s0x487604d2ec403d23:0x1794bc37b0ea57ea!8m2!3d51.5133674!4d-0.1310172!15sChhyZXN0YXVyYW50cyBpbiBsb25kb24gdWtaGiIYcmVzdGF1cmFudHMgaW4gbG9uZG9uIHVrkgEQc3VzaGlfcmVzdGF1cmFudA"
Shapur Indian Restaurant,Indian restaurant,££,260 reviews,3.8,"149 Strand, London WC2R 1JA","https://www.google.com/maps/place/Shapur+Indian+Restaurant/@51.5108489,-0.1453714,12z/data=!4m10!1m3!2m2!1srestaurants+in+london+uk!6e5!3m5!1s0x487604ca6e3d5b21:0x96ddd7034b7fd997!8m2!3d51.511528!4d-0.1180544!15sChhyZXN0YXVyYW50cyBpbiBsb25kb24gdWtaGiIYcmVzdGF1cmFudHMgaW4gbG9uZG9uIHVrkgERaW5kaWFuX3Jlc3RhdXJhbnQ"
Din Tai Fung Covent Garden,Taiwanese restaurant,££,"2,722 reviews",4.0,"5 Henrietta St, London WC2E 8PS","https://www.google.com/maps/place/Din+Tai+Fung+Covent+Garden/@51.5108489,-0.1453714,12z/data=!4m10!1m3!2m2!1srestaurants+in+london+uk!6e5!3m5!1s0x487605f3a435ca19:0x8a24b2122cc98b05!8m2!3d51.5112454!4d-0.1231064!15sChhyZXN0YXVyYW50cyBpbiBsb25kb24gdWtaGiIYcmVzdGF1cmFudHMgaW4gbG9uZG9uIHVrkgEUdGFpd2FuZXNlX3Jlc3RhdXJhbnQ"
Burgeri,Hamburger restaurant,££,"2,258 reviews",4.0,"22 Great Marlborough St, London W1F 7HU","https://www.google.com/maps/place/Burgeri/@51.5108489,-0.1453714,12z/data=!4m10!1m3!2m2!1srestaurants+in+london+uk!6e5!3m5!1s0x487604d548610009:0x700986b8d34f6d29!8m2!3d51.5142797!4d-0.1396479!15sChhyZXN0YXVyYW50cyBpbiBsb25kb24gdWtaGiIYcmVzdGF1cmFudHMgaW4gbG9uZG9uIHVrkgEUaGFtYnVyZ2VyX3Jlc3RhdXJhbnQ"
Jinjuu Soho,Korean restaurant,£££,"1,120 reviews",4.1,"15 Kingly St, Carnaby, London W1B 5PS","https://www.google.com/maps/place/Jinjuu+Soho/@51.5108489,-0.1453714,12z/data=!3m1!5s0x487604d50f1ef8b9:0xf140d606d86b7125!4m10!1m3!2m2!1srestaurants+in+london+uk!6e5!3m5!1s0x487604d50bb8295d:0x7a58f2442fff1b2c!8m2!3d51.5127111!4d-0.139325!15sChhyZXN0YXVyYW50cyBpbiBsb25kb24gdWtaGiIYcmVzdGF1cmFudHMgaW4gbG9uZG9uIHVrkgERa29yZWFuX3Jlc3RhdXJhbnQ"
Kanishka by Atul Kochhar,Modern Indian restaurant,Not Available,466 reviews,4.2,,"https://www.google.com/maps/place/Kanishka+by+Atul+Kochhar/@51.5108489,-0.1453714,12z/data=!4m10!1m3!2m2!1srestaurants+in+london+uk!6e5!3m5!1s0x4876053cd2d7fbdd:0xca659f21bdf237e3!8m2!3d51.513178!4d-0.1418309!15sChhyZXN0YXVyYW50cyBpbiBsb25kb24gdWtaGiIYcmVzdGF1cmFudHMgaW4gbG9uZG9uIHVrkgEYbW9kZXJuX2luZGlhbl9yZXN0YXVyYW50"
Mangal 2 Restaurant,Turkish restaurant,££,612 reviews,4.2,"4 Stoke Newington Rd, London N16 8BH","https://www.google.com/maps/place/Mangal+2+Restaurant/@51.5108489,-0.1453714,12z/data=!4m10!1m3!2m2!1srestaurants+in+london+uk!6e5!3m5!1s0x48761c8b8863bf4d:0x2c4c0fb5893488a9!8m2!3d51.5507874!4d-0.0749761!15sChhyZXN0YXVyYW50cyBpbiBsb25kb24gdWtaGiIYcmVzdGF1cmFudHMgaW4gbG9uZG9uIHVrkgESdHVya2lzaF9yZXN0YXVyYW50"
Lao Café,Laotian restaurant,££,598 reviews,4.2,"60 Chandos Pl, London WC2N 4HG","https://www.google.com/maps/place/Lao+Caf%C3%A9/@51.5108489,-0.1453714,12z/data=!4m10!1m3!2m2!1srestaurants+in+london+uk!6e5!3m5!1s0x487604cc2397fce9:0x3dee3bf535c13885!8m2!3d51.5100976!4d-0.1250677!15sChhyZXN0YXVyYW50cyBpbiBsb25kb24gdWtaGiIYcmVzdGF1cmFudHMgaW4gbG9uZG9uIHVrkgESbGFvdGlhbl9yZXN0YXVyYW50"
Amazonico London,Latin American restaurant,Not Available,810 reviews,4.2,,"https://www.google.com/maps/place/Amazonico+London/@51.5108489,-0.1453714,12z/data=!4m10!1m3!2m2!1srestaurants+in+london+uk!6e5!3m5!1s0x4876057bf8742e61:0x4984222f24a4718!8m2!3d51.5095799!4d-0.1447093!15sChhyZXN0YXVyYW50cyBpbiBsb25kb24gdWtaGiIYcmVzdGF1cmFudHMgaW4gbG9uZG9uIHVrkgEZbGF0aW5fYW1lcmljYW5fcmVzdGF1cmFudA"
Lanzhou Lamian Noodle Bar,Chinese noodle restaurant,£,"1,502 reviews",4.2,"33 Cranbourn St, London WC2H 7AD","https://www.google.com/maps/place/Lanzhou+Lamian+Noodle+Bar/@51.5108489,-0.1453714,12z/data=!4m10!1m3!2m2!1srestaurants+in+london+uk!6e5!3m5!1s0x487604d24c1e7bd3:0x314bae83752ad760!8m2!3d51.511479!4d-0.1277881!15sChhyZXN0YXVyYW50cyBpbiBsb25kb24gdWtaGiIYcmVzdGF1cmFudHMgaW4gbG9uZG9uIHVrkgEZY2hpbmVzZV9ub29kbGVfcmVzdGF1cmFudA"
Sagar Vegan & Vegetarian Restaurant - Covent Garden,Vegan restaurant,££,"1,172 reviews",4.0,,"https://www.google.com/maps/place/Sagar+Vegan+%26+Vegetarian+Restaurant+-+Covent+Garden/@51.5108489,-0.1453714,12z/data=!4m10!1m3!2m2!1srestaurants+in+london+uk!6e5!3m5!1s0x487604cb01abc181:0xf065fd4aa3344b2f!8m2!3d51.5126118!4d-0.1206721!15sChhyZXN0YXVyYW50cyBpbiBsb25kb24gdWtaGiIYcmVzdGF1cmFudHMgaW4gbG9uZG9uIHVrkgEQdmVnYW5fcmVzdGF1cmFudA"
Dining Room at Dukes,Restaurant,Not Available,Restaurant,Not Available,"35 St James's St, St. James's, London SW1A 1HD","https://www.google.com/maps/place/Dining+Room+at+Dukes/@51.5108489,-0.1453714,12z/data=!4m10!1m3!2m2!1srestaurants+in+london+uk!6e5!3m5!1s0x487604d635a4b23b:0xce307827b7814403!8m2!3d51.5073212!4d-0.1396047!15sChhyZXN0YXVyYW50cyBpbiBsb25kb24gdWuSAQpyZXN0YXVyYW50"
The Rooftop,Cocktail bar,£££,804 reviews,4.2,"7th Floor, 2 Spring Gardens, St. James's, London SW1A 2TS","https://www.google.com/maps/place/The+Rooftop/@51.5108489,-0.1453714,12z/data=!4m10!1m3!2m2!1srestaurants+in+london+uk!6e5!3m5!1s0x487604d1d3f89145:0xa96baede308b1607!8m2!3d51.5074262!4d-0.1292119!15sChhyZXN0YXVyYW50cyBpbiBsb25kb24gdWtaGiIYcmVzdGF1cmFudHMgaW4gbG9uZG9uIHVrkgEMY29ja3RhaWxfYmFy"
Cakes & Bubbles,Dessert restaurant,Not Available,533 reviews,4.4,,"https://www.google.com/maps/place/Cakes+%26+Bubbles/@51.5108489,-0.1453714,12z/data=!4m10!1m3!2m2!1srestaurants+in+london+uk!6e5!3m5!1s0x4876059ed679bac3:0xd51988ceb6d377f7!8m2!3d51.5100619!4d-0.1360581!15sChhyZXN0YXVyYW50cyBpbiBsb25kb24gdWtaGiIYcmVzdGF1cmFudHMgaW4gbG9uZG9uIHVrkgESZGVzc2VydF9yZXN0YXVyYW50"
TGI Fridays - Leicester Square,American restaurant,££,"3,020 reviews",3.9,"30 Leicester Square, London WC2H 7LA","https://www.google.com/maps/place/Min+Jiang/@51.5108489,-0.1453714,12z/data=!4m7!1m3!2m2!1srestaurants+in+london+uk!6e5!3m2!1s0x48760ff7dfb75ccb:0x13548ea6f78a84cb!15sChhyZXN0YXVyYW50cyBpbiBsb25kb24gdWtaGiIYcmVzdGF1cmFudHMgaW4gbG9uZG9uIHVrkgESY2hpbmVzZV9yZXN0YXVyYW50"
Min Jiang,Chinese restaurant,££££,596 reviews,4.4,"2, 24 Kensington High St, London W8 4PT","https://www.google.com/maps/place/Min+Jiang/@51.5108489,-0.1453714,12z/data=!4m10!1m3!2m2!1srestaurants+in+london+uk!6e5!3m5!1s0x48760ff7dfb75ccb:0x13548ea6f78a84cb!8m2!3d51.5027523!4d-0.1878415!15sChhyZXN0YXVyYW50cyBpbiBsb25kb24gdWtaGiIYcmVzdGF1cmFudHMgaW4gbG9uZG9uIHVrkgESY2hpbmVzZV9yZXN0YXVyYW50"
Ermei Sichuan Restaurant,Sichuan restaurant,£££,551 reviews,4.3,"6 Lisle St, London WC2H 7BG","https://www.google.com/maps/place/Ermei+Sichuan+Restaurant/@51.5108489,-0.1453714,12z/data=!4m10!1m3!2m2!1srestaurants+in+london+uk!6e5!3m5!1s0x4876059b3ca06785:0x1ba28b3c38eba223!8m2!3d51.5113357!4d-0.1311969!15sChhyZXN0YXVyYW50cyBpbiBsb25kb24gdWtaGiIYcmVzdGF1cmFudHMgaW4gbG9uZG9uIHVrkgESc2ljaHVhbl9yZXN0YXVyYW50"
The French House,Pub,££,"1,205 reviews",4.5,"49 Dean St, London W1D 5BG","https://www.google.com/maps/place/The+French+House/@51.5108489,-0.1453714,12z/data=!4m10!1m3!2m2!1srestaurants+in+london+uk!6e5!3m5!1s0x487604d2fbf64805:0x5b6a668d1c712399!8m2!3d51.5127422!4d-0.1317461!15sChhyZXN0YXVyYW50cyBpbiBsb25kb24gdWtaGiIYcmVzdGF1cmFudHMgaW4gbG9uZG9uIHVrkgEDcHVi"
Pizza Hut,Pizza restaurant,££,"2,545 reviews",4.0,"56/59 Strand, London WC2N 5LR","https://www.google.com/maps/place/Pizza+Hut/@51.5108489,-0.1453714,12z/data=!3m1!5s0x487604c954d610a3:0x628fabff9a6cd214!4m10!1m3!2m2!1srestaurants+in+london+uk!6e5!3m5!1s0x487604c9660ebeef:0xabd9f0998ee7de4b!8m2!3d51.5094291!4d-0.123425!15sChhyZXN0YXVyYW50cyBpbiBsb25kb24gdWtaGiIYcmVzdGF1cmFudHMgaW4gbG9uZG9uIHVrkgEQcGl6emFfcmVzdGF1cmFudA"
Aubaine Marylebone,French restaurant,££,367 reviews,4.0,,"https://www.google.com/maps/place/Aubaine+Marylebone/@51.5108489,-0.1453714,12z/data=!4m10!1m3!2m2!1srestaurants+in+london+uk!6e5!3m5!1s0x48761ad206af8c9d:0x17de4dd0719e99f1!8m2!3d51.5197708!4d-0.1523051!15sChhyZXN0YXVyYW50cyBpbiBsb25kb24gdWtaGiIYcmVzdGF1cmFudHMgaW4gbG9uZG9uIHVrkgERZnJlbmNoX3Jlc3RhdXJhbnQ"
Indian Room,Modern Indian restaurant,££,506 reviews,4.4,"59 Bedford Hill, London SW12 9EZ","https://www.google.com/maps/place/Indian+Room/@51.4434745,-0.2199528,12z/data=!4m10!1m3!2m2!1srestaurants+in+london+uk!6e5!3m5!1s0x487605cfae8b2a97:0xafd40ffe0c743493!8m2!3d51.4434745!4d-0.149915!15sChhyZXN0YXVyYW50cyBpbiBsb25kb24gdWtaGiIYcmVzdGF1cmFudHMgaW4gbG9uZG9uIHVrkgEYbW9kZXJuX2luZGlhbl9yZXN0YXVyYW50"
The Rajdoot Hampstead,Indian restaurant,££,424 reviews,4.8,"104 Fleet Rd, London NW3 2QX","https://www.google.com/maps/place/The+Rajdoot+Hampstead/@51.5537168,-0.2323024,12z/data=!4m10!1m3!2m2!1srestaurants+in+london+uk!6e5!3m5!1s0x48761b356cbfd709:0x8fe552cf0c910ae8!8m2!3d51.5537168!4d-0.1622646!15sChhyZXN0YXVyYW50cyBpbiBsb25kb24gdWuSARFpbmRpYW5fcmVzdGF1cmFudA"
The Wine Place Covent Garden,Wine bar,££,260 reviews,4.3,"33, The Market Bldg, Piazza WC2E 8RE","https://www.google.com/maps/place/The+Wine+Place+Covent+Garden/@51.5119864,-0.1924233,12z/data=!4m10!1m3!2m2!1srestaurants+in+london+uk!6e5!3m5!1s0x487604cb97ff739b:0x3001b4f1af7e5e5c!8m2!3d51.5119864!4d-0.1223855!15sChhyZXN0YXVyYW50cyBpbiBsb25kb24gdWtaGiIYcmVzdGF1cmFudHMgaW4gbG9uZG9uIHVrkgEId2luZV9iYXI"
Jinli,Chinese restaurant,££,417 reviews,3.9,"4 Leicester St, London WC2H 7BL","https://www.google.com/maps/place/Jinli/@51.5119864,-0.1924233,12z/data=!4m10!1m3!2m2!1srestaurants+in+london+uk!6e5!3m5!1s0x487604d24744a5c3:0x6bb8410baf131059!8m2!3d51.5110268!4d-0.1311238!15sChhyZXN0YXVyYW50cyBpbiBsb25kb24gdWtaGiIYcmVzdGF1cmFudHMgaW4gbG9uZG9uIHVrkgESY2hpbmVzZV9yZXN0YXVyYW50"
Pivaz,Restaurant,££,399 reviews,4.3,"34 Chatsworth Rd, Lower Clapton, London E5 0LP","https://www.google.com/maps/place/Pivaz/@51.5119864,-0.1924233,12z/data=!4m10!1m3!2m2!1srestaurants+in+london+uk!6e5!3m5!1s0x48761d019d071dc7:0xb810a3ea104aa806!8m2!3d51.5525999!4d-0.0441783!15sChhyZXN0YXVyYW50cyBpbiBsb25kb24gdWuSAQpyZXN0YXVyYW50"
Pies Terraza,Restaurant,Not Available,1 review,5.0,"5 Mill St, London W1S 2AY","https://www.google.com/maps/place/Pies+Terraza/@51.5119864,-0.1924233,12z/data=!4m10!1m3!2m2!1srestaurants+in+london+uk!6e5!3m5!1s0x4876052a8bacdddf:0x96540bff2c797904!8m2!3d51.5126694!4d-0.1422571!15sChhyZXN0YXVyYW50cyBpbiBsb25kb24gdWuSAQpyZXN0YXVyYW50"
Shake Shack Covent Garden,Hamburger restaurant,££,"3,234 reviews",4.0,"24, Market Building, The Piazza, London WC2E 8RD","https://www.google.com/maps/place/Shake+Shack+Covent+Garden/@51.5119864,-0.1924233,12z/data=!3m1!5s0x487604cb8491eb43:0xde73a0c5aab39775!4m10!1m3!2m2!1srestaurants+in+london+uk!6e5!3m5!1s0x48761b32fb7dce8f:0xde8f5d9ad348994b!8m2!3d51.511818!4d-0.122506!15sChhyZXN0YXVyYW50cyBpbiBsb25kb24gdWtaGiIYcmVzdGF1cmFudHMgaW4gbG9uZG9uIHVrkgEUaGFtYnVyZ2VyX3Jlc3RhdXJhbnQ"
Bluebird,Modern European restaurant,£££,"2,459 reviews",4.2,,"https://www.google.com/maps/place/Bluebird/@51.4849911,-0.2455092,12z/data=!4m10!1m3!2m2!1srestaurants+in+london+uk!6e5!3m5!1s0x4876056f8c006eb9:0x4fe7d2b4a9efbf0d!8m2!3d51.4849911!4d-0.1754714!15sChhyZXN0YXVyYW50cyBpbiBsb25kb24gdWtaGiIYcmVzdGF1cmFudHMgaW4gbG9uZG9uIHVrkgEabW9kZXJuX2V1cm9wZWFuX3Jlc3RhdXJhbnQ"
Ô Gourmet Libanais,Lebanese restaurant,Not Available,350 reviews,4.8,"D, Trafalgar House, 38 Juniper Dr, London SW18 1GY","https://www.google.com/maps/place/%C3%94+Gourmet+Libanais/@51.4849911,-0.2455092,12z/data=!4m10!1m3!2m2!1srestaurants+in+london+uk!6e5!3m5!1s0x48760587cb41d833:0x323365ea6a702f43!8m2!3d51.4633514!4d-0.1847419!15sChhyZXN0YXVyYW50cyBpbiBsb25kb24gdWtaGiIYcmVzdGF1cmFudHMgaW4gbG9uZG9uIHVrkgETbGViYW5lc2VfcmVzdGF1cmFudA"
Il Portico,Italian restaurant,££,280 reviews,4.4,"277 Kensington High St, London W8 6NA","https://www.google.com/maps/place/Il+Portico/@51.4849911,-0.2455092,12z/data=!4m10!1m3!2m2!1srestaurants+in+london+uk!6e5!3m5!1s0x48760ff207b0ec9f:0x9bc52c25bd05a029!8m2!3d51.4985478!4d-0.1999238!15sChhyZXN0YXVyYW50cyBpbiBsb25kb24gdWtaGiIYcmVzdGF1cmFudHMgaW4gbG9uZG9uIHVrkgESaXRhbGlhbl9yZXN0YXVyYW50"
Monkey & Me Thai Cuisine,Thai restaurant,££,490 reviews,4.3,"114-115 Crawford St, London W1H 2JQ","https://www.google.com/maps/place/Monkey+%26+Me+Thai+Cuisine/@51.5108489,-0.1453714,12z/data=!4m10!1m3!2m2!1srestaurants+in+london+uk!6e5!3m5!1s0x48761acbfb368dfb:0xd7f49cb34ef0ec7d!8m2!3d51.5197111!4d-0.1593733!15sChhyZXN0YXVyYW50cyBpbiBsb25kb24gdWtaGiIYcmVzdGF1cmFudHMgaW4gbG9uZG9uIHVrkgEPdGhhaV9yZXN0YXVyYW50"
Rainforest Cafe,Family restaurant,£££,"4,658 reviews",3.6,"20-24 Shaftesbury Ave, London W1D 7EU","https://www.google.com/maps/place/Rainforest+Cafe/@51.5108489,-0.1453714,12z/data=!4m10!1m3!2m2!1srestaurants+in+london+uk!6e5!3m5!1s0x487604d3c1a457dd:0x424e70f39281484c!8m2!3d51.5108464!4d-0.1336357!15sChhyZXN0YXVyYW50cyBpbiBsb25kb24gdWtaGiIYcmVzdGF1cmFudHMgaW4gbG9uZG9uIHVrkgERZmFtaWx5X3Jlc3RhdXJhbnQ"
"The Admiralty, Trafalgar Square",Pub,££,"3,389 reviews",4.3,"66 Trafalgar Sq, St. James's, London WC2N 5DS","https://www.google.com/maps/place/The+Admiralty,+Trafalgar+Square/@51.5108489,-0.1453714,12z/data=!4m10!1m3!2m2!1srestaurants+in+london+uk!6e5!3m5!1s0x487604ce295814a7:0x5e052ee3469538b8!8m2!3d51.507356!4d-0.1288282!15sChhyZXN0YXVyYW50cyBpbiBsb25kb24gdWtaGiIYcmVzdGF1cmFudHMgaW4gbG9uZG9uIHVrkgEDcHVi"
Abd el Wahab,Lebanese restaurant,££,326 reviews,4.3,,"https://www.google.com/maps/place/Abd+el+Wahab/@51.5108489,-0.1453714,12z/data=!4m10!1m3!2m2!1srestaurants+in+london+uk!6e5!3m5!1s0x4876053c4439d69f:0x2b3178cae7ddce93!8m2!3d51.4973427!4d-0.1565924!15sChhyZXN0YXVyYW50cyBpbiBsb25kb24gdWtaGiIYcmVzdGF1cmFudHMgaW4gbG9uZG9uIHVrkgETbGViYW5lc2VfcmVzdGF1cmFudA"
Five Guys Charing Cross,Hamburger restaurant,££,"4,602 reviews",4.3,"9/11 Villiers St, London WC2N 6NA","https://www.google.com/maps/place/Five+Guys+Charing+Cross/@51.5108489,-0.1453714,12z/data=!4m10!1m3!2m2!1srestaurants+in+london+uk!6e5!3m5!1s0x487604ceb8c9204d:0x9dcbb85c6fe212f7!8m2!3d51.5085198!4d-0.1243629!15sChhyZXN0YXVyYW50cyBpbiBsb25kb24gdWtaGiIYcmVzdGF1cmFudHMgaW4gbG9uZG9uIHVrkgEUaGFtYnVyZ2VyX3Jlc3RhdXJhbnQ"
Cay Tre Soho,Vietnamese restaurant,££,"1,362 reviews",4.1,,"https://www.google.com/maps/place/Cay+Tre+Soho/@51.5108489,-0.1453714,12z/data=!3m1!5s0x487604d2e21ee221:0xcd1f9a4f58ae3c87!4m10!1m3!2m2!1srestaurants+in+london+uk!6e5!3m5!1s0x487604d2e29a81ad:0xa8f2b46fe4ab4b1a!8m2!3d51.5132472!4d-0.1320889!15sChhyZXN0YXVyYW50cyBpbiBsb25kb24gdWtaGiIYcmVzdGF1cmFudHMgaW4gbG9uZG9uIHVrkgEVdmlldG5hbWVzZV9yZXN0YXVyYW50"
Pizza Hut Restaurants,Pizza restaurant,££,"1,927 reviews",3.8,"19 Leicester Square, London WC2H 7LE","https://www.google.com/maps/place/Pizza+Hut+Restaurants/@51.5108489,-0.1453714,12z/data=!3m1!5s0x487604d211e12a2d:0x69e99392999f945!4m10!1m3!2m2!1srestaurants+in+london+uk!6e5!3m5!1s0x487604d20f36e3db:0xfcb5364fa0551624!8m2!3d51.5108265!4d-0.1294537!15sChhyZXN0YXVyYW50cyBpbiBsb25kb24gdWtaGiIYcmVzdGF1cmFudHMgaW4gbG9uZG9uIHVrkgEQcGl6emFfcmVzdGF1cmFudA"
Bruce Burgers,Restaurant,Not Available,300 reviews,4.6,"93 Bruce Grove, London N17 6UZ","https://www.google.com/maps/place/Bruce+Burgers/@51.5957653,-0.14164,12z/data=!4m10!1m3!2m2!1srestaurants+in+london+uk!6e5!3m5!1s0x48761c1f6ddf95b3:0x6d821a8a6f42cb16!8m2!3d51.5957653!4d-0.0716022!15sChhyZXN0YXVyYW50cyBpbiBsb25kb24gdWuSAQpyZXN0YXVyYW50"
Keto Restaurant & Bakery,Restaurant,Not Available,743 reviews,4.8,,"https://www.google.com/maps/place/Keto+Restaurant+%26+Bakery/@51.4893765,-0.2928519,12z/data=!4m10!1m3!2m2!1srestaurants+in+london+uk!6e5!3m5!1s0x48760f6a5612fec9:0x2de62671555ee3fb!8m2!3d51.4893765!4d-0.2228141!15sChhyZXN0YXVyYW50cyBpbiBsb25kb24gdWtaGiIYcmVzdGF1cmFudHMgaW4gbG9uZG9uIHVrkgEKcmVzdGF1cmFudA"
The Terrace Bar & Restaurant,Restaurant,Not Available,2 reviews,4.0,"30 Leinster Gardens, London W2 3AN","https://www.google.com/maps/place/The+Terrace+Bar+%26+Restaurant/@51.4893765,-0.2928519,12z/data=!4m10!1m3!2m2!1srestaurants+in+london+uk!6e5!3m5!1s0x48760554edbd7469:0x397ba426d3eca04a!8m2!3d51.5129641!4d-0.183703!15sChhyZXN0YXVyYW50cyBpbiBsb25kb24gdWuSAQpyZXN0YXVyYW50"
The River Café,Italian restaurant,££££,"1,217 reviews",4.4,"Thames Wharf, Rainville Rd, London W6 9HA","https://www.google.com/maps/place/The+River+Caf%C3%A9/@51.4893765,-0.2928519,12z/data=!3m1!5s0x48760fb016919e0f:0xd5e99fb9d2f249b1!4m10!1m3!2m2!1srestaurants+in+london+uk!6e5!3m5!1s0x48760fb010bf16c7:0x26a2eb12ed316c17!8m2!3d51.4839988!4d-0.2242253!15sChhyZXN0YXVyYW50cyBpbiBsb25kb24gdWtaGiIYcmVzdGF1cmFudHMgaW4gbG9uZG9uIHVrkgESaXRhbGlhbl9yZXN0YXVyYW50"
Golden Dragon Chinatown,Chinese restaurant,££,"2,244 reviews",3.8,"28-29 Gerrard St, London W1D 6JW","https://www.google.com/maps/place/Golden+Dragon+Chinatown/@51.4893765,-0.2928519,12z/data=!4m10!1m3!2m2!1srestaurants+in+london+uk!6e5!3m5!1s0x487604d24eee5bb1:0xebd98466fd07c2a6!8m2!3d51.5114322!4d-0.131632!15sChhyZXN0YXVyYW50cyBpbiBsb25kb24gdWtaGiIYcmVzdGF1cmFudHMgaW4gbG9uZG9uIHVrkgESY2hpbmVzZV9yZXN0YXVyYW50"
Five Guys Covent Garden,Hamburger restaurant,££,"6,132 reviews",4.3,"1-3 Long Acre, London WC2E 9LH","https://www.google.com/maps/place/Five+Guys+Covent+Garden/@51.4893765,-0.2928519,12z/data=!3m1!5s0x487604cdae799fb5:0x1c47f4e5f113d5f7!4m10!1m3!2m2!1srestaurants+in+london+uk!6e5!3m5!1s0x487604cdaca57875:0x5f9e7429c4cf5acc!8m2!3d51.5118401!4d-0.1267266!15sChhyZXN0YXVyYW50cyBpbiBsb25kb24gdWtaGiIYcmVzdGF1cmFudHMgaW4gbG9uZG9uIHVrkgEUaGFtYnVyZ2VyX3Jlc3RhdXJhbnQ"
Little Lamb London,Hot pot restaurant,££,315 reviews,3.8,"72 Shaftesbury Ave, London W1D 6NA","https://www.google.com/maps/place/Little+Lamb+London/@51.4893765,-0.2928519,12z/data=!4m10!1m3!2m2!1srestaurants+in+london+uk!6e5!3m5!1s0x487604d2530cc473:0xb99716bc76c56f74!8m2!3d51.511875!4d-0.131907!15sChhyZXN0YXVyYW50cyBpbiBsb25kb24gdWtaGiIYcmVzdGF1cmFudHMgaW4gbG9uZG9uIHVrkgESaG90X3BvdF9yZXN0YXVyYW50"
Taste of Nawab,Indian restaurant,££,564 reviews,4.6,,"https://www.google.com/maps/place/Yum+Sa/@51.5999709,-0.2178464,12z/data=!4m7!1m3!2m2!1srestaurants+in+london+uk!6e5!3m2!1s0x48760f6cda3aca55:0x7291b07593ad55a!15sChhyZXN0YXVyYW50cyBpbiBsb25kb24gdWtaGiIYcmVzdGF1cmFudHMgaW4gbG9uZG9uIHVrkgEKcmVzdGF1cmFudA"
Yum Sa,Restaurant,££,633 reviews,4.6,,"https://www.google.com/maps/place/Yum+Sa/@51.4594733,-0.2802658,12z/data=!4m10!1m3!2m2!1srestaurants+in+london+uk!6e5!3m5!1s0x48760f6cda3aca55:0x7291b07593ad55a!8m2!3d51.4594954!4d-0.2101865!15sChhyZXN0YXVyYW50cyBpbiBsb25kb24gdWtaGiIYcmVzdGF1cmFudHMgaW4gbG9uZG9uIHVrkgEKcmVzdGF1cmFudA"
Iro Sushi (Fulham),Sushi restaurant,Not Available,156 reviews,4.3,"85 Lillie Rd, London SW6 1UD","https://www.google.com/maps/place/Iro+Sushi+(Fulham)/@51.4594733,-0.2802658,12z/data=!4m10!1m3!2m2!1srestaurants+in+london+uk!6e5!3m5!1s0x48760f25f50aaa25:0x434d9c6f0756603f!8m2!3d51.4854888!4d-0.2019924!15sChhyZXN0YXVyYW50cyBpbiBsb25kb24gdWuSARBzdXNoaV9yZXN0YXVyYW50"
Four Seasons,Chinese restaurant,££,787 reviews,3.6,"China Town, 23 Wardour St, London W1D 6PW","https://www.google.com/maps/place/New+Loon+Fung+Restaurant/@51.4594733,-0.2802658,12z/data=!4m7!1m3!2m2!1srestaurants+in+london+uk!6e5!3m2!1s0x487604d266e9647d:0x63fbb51949eb7d6e!15sChhyZXN0YXVyYW50cyBpbiBsb25kb24gdWtaGiIYcmVzdGF1cmFudHMgaW4gbG9uZG9uIHVrkgESY2hpbmVzZV9yZXN0YXVyYW50"
Far East Restaurant,Chinese restaurant,Not Available,154 reviews,3.4,"13 Gerrard St, London W1D 5PS","https://www.google.com/maps/place/Far+East+Restaurant/@51.5119233,-0.1660461,13z/data=!4m10!1m3!2m2!1srestaurants+in+london+uk!6e5!3m5!1s0x487604d24c1e7bd3:0x7e35e0474d8346db!8m2!3d51.5119233!4d-0.1310272!15sChhyZXN0YXVyYW50cyBpbiBsb25kb24gdWuSARJjaGluZXNlX3Jlc3RhdXJhbnQ"
Bayleaf Restaurant,Indian restaurant,££,286 reviews,4.5,"1282-1284 High Rd, London N20 9HH","https://www.google.com/maps/place/Bayleaf+Restaurant/@51.6305058,-0.2097243,13z/data=!4m10!1m3!2m2!1srestaurants+in+london+uk!6e5!3m5!1s0x487619c562bcd505:0x39e30516fa41041f!8m2!3d51.6304956!4d-0.1747599!15sChhyZXN0YXVyYW50cyBpbiBsb25kb24gdWuSARFpbmRpYW5fcmVzdGF1cmFudA"
Caffè Concerto Piccadilly,Italian restaurant,££,"1,116 reviews",3.4,"29-31 Piccadilly, London W1J 0LF","https://www.google.com/maps/place/Joy+Luck+Restaurant/@51.5092568,-0.1718497,13z/data=!3m1!5s0x487604d69f731b91:0xce5791168088f041!4m7!1m3!2m2!1srestaurants+in+london+uk!6e5!3m2!1s0x487604d26339aaab:0x2470c0e2885146f4!15sChhyZXN0YXVyYW50cyBpbiBsb25kb24gdWtaGiIYcmVzdGF1cmFudHMgaW4gbG9uZG9uIHVrkgESY2hpbmVzZV9yZXN0YXVyYW50"
Joy Luck Restaurant,Chinese restaurant,Not Available,210 reviews,3.7,"47 Gerrard St, London W1D 5QJ","https://www.google.com/maps/place/Joy+Luck+Restaurant/@51.5092568,-0.1718497,13z/data=!4m10!1m3!2m2!1srestaurants+in+london+uk!6e5!3m5!1s0x487604d26339aaab:0x2470c0e2885146f4!8m2!3d51.5121138!4d-0.1299522!15sChhyZXN0YXVyYW50cyBpbiBsb25kb24gdWtaGiIYcmVzdGF1cmFudHMgaW4gbG9uZG9uIHVrkgESY2hpbmVzZV9yZXN0YXVyYW50"
Plum Valley | 梅花村 | Soho Heated Outdoor Seatings | All Day Dimsum | Morden Chinese Dining | KTV,Chinese restaurant,££,"1,181 reviews",3.8,,"https://www.google.com/maps/place/Plum+Valley+%7C+%E6%A2%85%E8%8A%B1%E6%9D%91+%7C+Soho+Heated+Outdoor+Seatings+%7C+All+Day+Dimsum+%7C+Morden+Chinese+Dining+%7C+KTV/@51.5092568,-0.1718497,13z/data=!4m10!1m3!2m2!1srestaurants+in+london+uk!6e5!3m5!1s0x487604d25279e7fd:0xb1465b905599326f!8m2!3d51.5116448!4d-0.1318303!15sChhyZXN0YXVyYW50cyBpbiBsb25kb24gdWtaGiIYcmVzdGF1cmFudHMgaW4gbG9uZG9uIHVrkgESY2hpbmVzZV9yZXN0YXVyYW50"
Hong Kong Buffet,Chinese restaurant,££,743 reviews,3.3,"14 Lisle St, London WC2H 7BE","https://www.google.com/maps/place/Hong+Kong+Buffet/@51.5092568,-0.1718497,13z/data=!4m10!1m3!2m2!1srestaurants+in+london+uk!6e5!3m5!1s0x487604d242c244bb:0x486ece69a23d0d9a!8m2!3d51.5114856!4d-0.1307727!15sChhyZXN0YXVyYW50cyBpbiBsb25kb24gdWtaGiIYcmVzdGF1cmFudHMgaW4gbG9uZG9uIHVrkgESY2hpbmVzZV9yZXN0YXVyYW50"
