,Unnamed: 0,website_id,full_name,cuisine,price_range,reviews,rating,location,url,rest_id
0,0,1265,Obicà Mozzarella Bar - Poland Street,Italian,2,581.0,4.3,Oxford Circus,https://www.opentable.co.uk/obica-mozzarella-bar-poland-street?avt=eyJ2IjoyLCJtIjoxLCJwIjoxLCJzIjowLCJuIjowfQ&amp;corrid=65f367e0-2e6d-49fb-88cd-9d4d8cbf5948,2270
1,1,1496,Ham Yard Bar And Restaurant,Modern European,2,3697.0,4.6,Soho,https://www.opentable.co.uk/r/ham-yard-bar-and-restaurant-london?avt=eyJ2IjoyLCJtIjoxLCJwIjowLCJzIjowLCJuIjowfQ&amp;corrid=65f367e0-2e6d-49fb-88cd-9d4d8cbf5948,2259
2,2,1212,Hachi Japanese Bbq Restaurant,Japanese,2,270.0,4.6,Soho,https://www.opentable.co.uk/r/hachi-japanese-bbq-restaurant-london?avt=eyJ2IjoyLCJtIjoxLCJwIjowLCJzIjowLCJuIjowfQ&amp;corrid=65f367e0-2e6d-49fb-88cd-9d4d8cbf5948,2598
3,3,1241,El Norte,Spanish,4,299.0,4.5,Mayfair,https://www.opentable.co.uk/r/el-norte-london?avt=eyJ2IjoyLCJtIjoxLCJwIjoxLCJzIjowLCJuIjowfQ&amp;corrid=65f367e0-2e6d-49fb-88cd-9d4d8cbf5948,2451
4,4,1441,Bocconcino,Italian,3,1525.0,4.0,Mayfair,https://www.opentable.co.uk/bocconcino?avt=eyJ2IjoyLCJtIjoxLCJwIjoxLCJzIjowLCJuIjowfQ&amp;corrid=65f367e0-2e6d-49fb-88cd-9d4d8cbf5948,2224
5,5,1243,Brasserie Zedel,French,2,3147.0,4.5,Piccadilly,https://www.opentable.co.uk/brasserie-zedel?avt=eyJ2IjoyLCJtIjoxLCJwIjowLCJzIjowLCJuIjowfQ&amp;corrid=65f367e0-2e6d-49fb-88cd-9d4d8cbf5948,2465
6,6,1147,Mele E Pere,Italian,2,1695.0,4.4,Soho,https://www.opentable.co.uk/r/mele-e-pere-london?avt=eyJ2IjoyLCJtIjoxLCJwIjowLCJzIjowLCJuIjowfQ&amp;corrid=65f367e0-2e6d-49fb-88cd-9d4d8cbf5948,2591
7,7,1402,Temper Soho,Steak,4,3088.0,4.2,Soho,,2452
8,8,1348,Hawksmoor Air Street,Steak,2,9307.0,4.7,Piccadilly,https://www.opentable.co.uk/hawksmoor-air-street?avt=eyJ2IjoyLCJtIjoxLCJwIjowLCJzIjowLCJuIjowfQ&amp;corrid=65f367e0-2e6d-49fb-88cd-9d4d8cbf5948,2618
9,9,1428,Hard Rock Cafe London Piccadilly Circus,American,2,3379.0,4.6,Piccadilly,https://www.opentable.co.uk/r/hard-rock-cafe-london-piccadilly-circus-london?avt=eyJ2IjoyLCJtIjoxLCJwIjowLCJzIjowLCJuIjowfQ&amp;corrid=65f367e0-2e6d-49fb-88cd-9d4d8cbf5948,2283
11,11,1376,Andrew Edmunds,Modern European,3,714.0,4.7,Soho,https://www.opentable.co.uk/r/andrew-edmunds-london?avt=eyJ2IjoyLCJtIjoxLCJwIjowLCJzIjowLCJuIjowfQ&amp;corrid=65f367e0-2e6d-49fb-88cd-9d4d8cbf5948,2342
12,12,1174,Old Compton Brasserie,British,2,1941.0,4.5,Soho,https://www.opentable.co.uk/r/old-compton-brasserie-london?avt=eyJ2IjoyLCJtIjoxLCJwIjowLCJzIjowLCJuIjowfQ&amp;corrid=65f367e0-2e6d-49fb-88cd-9d4d8cbf5948,2553
13,13,1143,Folie,French,3,53.0,4.5,Soho,https://www.opentable.co.uk/r/folie-london?avt=eyJ2IjoyLCJtIjoxLCJwIjowLCJzIjowLCJuIjowfQ&amp;corrid=65f367e0-2e6d-49fb-88cd-9d4d8cbf5948,2615
14,14,1432,Robata,Japanese,3,954.0,4.4,Soho,https://www.opentable.co.uk/r/robata-london?avt=eyJ2IjoyLCJtIjoxLCJwIjowLCJzIjowLCJuIjowfQ&amp;corrid=65f367e0-2e6d-49fb-88cd-9d4d8cbf5948,2541
15,15,1243,Happy,Modern European,2,1519.0,4.4,Leicester Square,https://www.opentable.co.uk/r/happy-london?avt=eyJ2IjoyLCJtIjoxLCJwIjowLCJzIjowLCJuIjowfQ&amp;corrid=65f367e0-2e6d-49fb-88cd-9d4d8cbf5948,2361
17,17,1402,Yauatcha Soho,Chinese,3,6688.0,4.3,Soho,https://www.opentable.co.uk/yauatcha-soho?avt=eyJ2IjoyLCJtIjoxLCJwIjowLCJzIjowLCJuIjowfQ&amp;corrid=65f367e0-2e6d-49fb-88cd-9d4d8cbf5948,2317
18,18,1426,Sticks'N'Sushi - Soho,Japanese,2,24.0,4.7,Soho,https://www.opentable.co.uk/r/sticksnsushi-soho-london?avt=eyJ2IjoyLCJtIjoxLCJwIjowLCJzIjowLCJuIjowfQ&amp;corrid=65f367e0-2e6d-49fb-88cd-9d4d8cbf5948,2527
19,19,1457,Coqbull Soho,Others,2,185.0,4.1,Soho,https://www.opentable.co.uk/r/coqbull-soho-london?avt=eyJ2IjoyLCJtIjoxLCJwIjowLCJzIjowLCJuIjowfQ&amp;corrid=65f367e0-2e6d-49fb-88cd-9d4d8cbf5948,2368
20,20,1502,Gaucho Piccadilly,Steak,4,10080.0,4.2,Piccadilly,https://www.opentable.co.uk/gaucho-piccadilly?avt=eyJ2IjoyLCJtIjoxLCJwIjowLCJzIjowLCJuIjowfQ&amp;corrid=65f367e0-2e6d-49fb-88cd-9d4d8cbf5948,2526
21,21,1247,Whitcomb'S,French,4,198.0,4.6,Leicester Square,https://www.opentable.co.uk/r/whitcombs-london?avt=eyJ2IjoyLCJtIjoxLCJwIjowLCJzIjowLCJuIjowfQ&amp;corrid=65f367e0-2e6d-49fb-88cd-9d4d8cbf5948,2436
22,22,1119,Maoz Soho,Middle Eastern,2,232.0,4.3,Soho,https://www.opentable.co.uk/r/maoz-london?avt=eyJ2IjoyLCJtIjoxLCJwIjowLCJzIjowLCJuIjowfQ&amp;corrid=65f367e0-2e6d-49fb-88cd-9d4d8cbf5948,2309
23,23,1442,Jinjuu Soho,Korean,3,1749.0,4.5,Soho,https://www.opentable.co.uk/r/jinjuu-soho-london?avt=eyJ2IjoyLCJtIjoxLCJwIjowLCJzIjowLCJuIjowfQ&amp;corrid=65f367e0-2e6d-49fb-88cd-9d4d8cbf5948,2515
24,24,1242,Dean Street Townhouse,British,3,2978.0,4.6,Soho,https://www.opentable.co.uk/dean-street-townhouse?avt=eyJ2IjoyLCJtIjoxLCJwIjowLCJzIjowLCJuIjowfQ&amp;corrid=65f367e0-2e6d-49fb-88cd-9d4d8cbf5948,2302
25,25,1122,Pierre Victoire,French,2,4365.0,4.6,Soho,https://www.opentable.co.uk/pierre-victoire?avt=eyJ2IjoyLCJtIjoxLCJwIjowLCJzIjowLCJuIjowfQ&amp;corrid=65f367e0-2e6d-49fb-88cd-9d4d8cbf5948,2240
26,26,1438,Forty Dean Street,Italian,3,2184.0,4.5,Soho,https://www.opentable.co.uk/r/forty-dean-street-london-2?avt=eyJ2IjoyLCJtIjoxLCJwIjowLCJzIjowLCJuIjowfQ&amp;corrid=65f367e0-2e6d-49fb-88cd-9d4d8cbf5948,2358
27,27,1436,Cecconi'S,Italian,3,1857.0,4.6,Mayfair,https://www.opentable.co.uk/cecconis-london?avt=eyJ2IjoyLCJtIjoxLCJwIjowLCJzIjowLCJuIjowfQ&amp;corrid=65f367e0-2e6d-49fb-88cd-9d4d8cbf5948,2606
28,28,1364,Fishworks - Swallow Street,Seafood,2,2750.0,4.4,Piccadilly,https://www.opentable.co.uk/r/fishworks-swallow-street-london?avt=eyJ2IjoyLCJtIjoxLCJwIjowLCJzIjowLCJuIjowfQ&amp;corrid=65f367e0-2e6d-49fb-88cd-9d4d8cbf5948,2583
29,29,1258,Heddon Street Kitchen,Modern European,3,2213.0,4.2,Piccadilly,https://www.opentable.co.uk/r/heddon-street-kitchen-london?avt=eyJ2IjoyLCJtIjoxLCJwIjowLCJzIjowLCJuIjowfQ&amp;corrid=65f367e0-2e6d-49fb-88cd-9d4d8cbf5948,2288
30,30,1326,Prix Fixe Brasserie,French,3,2879.0,4.5,Soho,https://www.opentable.co.uk/prix-fixe-brasserie?avt=eyJ2IjoyLCJtIjoxLCJwIjowLCJzIjowLCJuIjowfQ&amp;corrid=65f367e0-2e6d-49fb-88cd-9d4d8cbf5948,2354
31,31,1195,Inko Nito London,Japanese,3,11.0,4.8,Soho,https://www.opentable.co.uk/r/inko-nito-london?avt=eyJ2IjoyLCJtIjoxLCJwIjowLCJzIjowLCJuIjowfQ&amp;corrid=65f367e0-2e6d-49fb-88cd-9d4d8cbf5948,2244
32,32,1463,Lobos Meat & Tapas - Soho,Spanish,2,1506.0,4.5,Soho,https://www.opentable.co.uk/r/lobos-meat-and-tapas-soho-london?avt=eyJ2IjoyLCJtIjoxLCJwIjowLCJzIjowLCJuIjowfQ&amp;corrid=65f367e0-2e6d-49fb-88cd-9d4d8cbf5948,2595
33,33,1149,Estiatorio Milos – London,Seafood,4,1473.0,4.6,Piccadilly,https://www.opentable.co.uk/r/estiatorio-milos-london?avt=eyJ2IjoyLCJtIjoxLCJwIjowLCJzIjowLCJuIjowfQ&amp;corrid=65f367e0-2e6d-49fb-88cd-9d4d8cbf5948,2500
34,34,1507,Imperial Treasure,Chinese,4,534.0,4.5,Piccadilly,https://www.opentable.co.uk/r/imperial-treasure-london?avt=eyJ2IjoyLCJtIjoxLCJwIjowLCJzIjowLCJuIjowfQ&amp;corrid=65f367e0-2e6d-49fb-88cd-9d4d8cbf5948,2465
35,35,1375,Fatt Pundit,Chinese,2,537.0,4.6,Soho,https://www.opentable.co.uk/r/fatt-pundit-london?avt=eyJ2IjoyLCJtIjoxLCJwIjowLCJzIjowLCJuIjowfQ&amp;corrid=65f367e0-2e6d-49fb-88cd-9d4d8cbf5948,2334
36,36,1161,Negroni'S,Italian,3,112.0,4.5,Soho,https://www.opentable.co.uk/r/negronis-london?avt=eyJ2IjoyLCJtIjoxLCJwIjowLCJzIjowLCJuIjowfQ&amp;corrid=65f367e0-2e6d-49fb-88cd-9d4d8cbf5948,2603
37,37,1480,Orient London,Chinese,2,773.0,4.5,Soho,https://www.opentable.co.uk/orient-london?avt=eyJ2IjoyLCJtIjoxLCJwIjowLCJzIjowLCJuIjowfQ&amp;corrid=65f367e0-2e6d-49fb-88cd-9d4d8cbf5948,2349
38,38,1395,Zima Russian Restaurant,Russian,3,684.0,4.7,Soho,https://www.opentable.co.uk/r/zima-russian-restaurant-london?avt=eyJ2IjoyLCJtIjoxLCJwIjowLCJzIjowLCJuIjowfQ&amp;corrid=65f367e0-2e6d-49fb-88cd-9d4d8cbf5948,2235
39,39,1481,Thai Tho - Soho,Thai,2,467.0,4.1,Piccadilly,https://www.opentable.co.uk/thai-tho-soho?avt=eyJ2IjoyLCJtIjoxLCJwIjowLCJzIjowLCJuIjowfQ&amp;corrid=65f367e0-2e6d-49fb-88cd-9d4d8cbf5948,2228
40,40,1501,Inamo - Soho,Japanese,3,4540.0,3.4,Soho,https://www.opentable.co.uk/r/inamo-soho-london?avt=eyJ2IjoyLCJtIjoxLCJwIjowLCJzIjowLCJuIjowfQ&amp;corrid=65f367e0-2e6d-49fb-88cd-9d4d8cbf5948,2314
41,41,1168,The Rainforest Cafe London,American,3,3109.0,,Piccadilly,https://www.opentable.co.uk/r/the-rainforest-cafe-london?avt=eyJ2IjoyLCJtIjoxLCJwIjowLCJzIjowLCJuIjowfQ&amp;corrid=65f367e0-2e6d-49fb-88cd-9d4d8cbf5948,2493
42,42,1331,Kanishka,Indian,4,1090.0,4.4,Mayfair,https://www.opentable.co.uk/r/kanishka-london?avt=eyJ2IjoyLCJtIjoxLCJwIjowLCJzIjowLCJuIjowfQ&amp;corrid=65f367e0-2e6d-49fb-88cd-9d4d8cbf5948,2462
43,43,1142,Ino Gastrobar,Greek,3,101.0,4.5,Soho,https://www.opentable.co.uk/r/ino-gastrobar-london?avt=eyJ2IjoyLCJtIjoxLCJwIjowLCJzIjowLCJuIjowfQ&amp;corrid=65f367e0-2e6d-49fb-88cd-9d4d8cbf5948,2548
44,44,1212,Pix Carnaby,Spanish,2,444.0,4.1,Soho,https://www.opentable.co.uk/r/pix-carnaby-london?avt=eyJ2IjoyLCJtIjoxLCJwIjowLCJzIjowLCJuIjowfQ&amp;corrid=65f367e0-2e6d-49fb-88cd-9d4d8cbf5948,2529
45,45,1210,Red Dog Saloon Soho,American,2,647.0,4.0,Soho,https://www.opentable.co.uk/r/red-dog-saloon-soho-london?avt=eyJ2IjoyLCJtIjoxLCJwIjowLCJzIjowLCJuIjowfQ&amp;corrid=65f367e0-2e6d-49fb-88cd-9d4d8cbf5948,2517
46,46,1221,Refuel Restaurant At The Soho Hotel,Modern European,2,2619.0,4.5,Soho,https://www.opentable.co.uk/r/refuel-restaurant-at-the-soho-hotel-london?avt=eyJ2IjoyLCJtIjoxLCJwIjowLCJzIjowLCJuIjowfQ&amp;corrid=65f367e0-2e6d-49fb-88cd-9d4d8cbf5948,2319
47,47,1151,Café Boheme,French,2,811.0,4.4,Soho,https://www.opentable.co.uk/cafe-boheme?avt=eyJ2IjoyLCJtIjoxLCJwIjowLCJzIjowLCJuIjowfQ&amp;corrid=65f367e0-2e6d-49fb-88cd-9d4d8cbf5948,2384
48,48,1193,Ruby'S Soho,British,2,265.0,4.0,Soho,https://www.opentable.co.uk/r/rubys-soho-london?avt=eyJ2IjoyLCJtIjoxLCJwIjowLCJzIjowLCJuIjowfQ&amp;corrid=65f367e0-2e6d-49fb-88cd-9d4d8cbf5948,2377
49,49,1173,Patara - Oxford Circus,Thai,3,1657.0,4.4,Oxford Circus,https://www.opentable.co.uk/r/patara-oxford-circus-london?avt=eyJ2IjoyLCJtIjoxLCJwIjowLCJzIjowLCJuIjowfQ&amp;corrid=65f367e0-2e6d-49fb-88cd-9d4d8cbf5948,2296
50,50,1162,Macellaio Rc Soho,Steak,3,55.0,4.3,Soho,https://www.opentable.co.uk/r/macellaio-rc-soho-london?avt=eyJ2IjoyLCJtIjoxLCJwIjowLCJzIjowLCJuIjowfQ&amp;corrid=65f367e0-2e6d-49fb-88cd-9d4d8cbf5948,2259
51,51,1211,Aqua Kyoto,Japanese,4,613.0,4.4,Soho,https://www.opentable.co.uk/aqua-kyoto?avt=eyJ2IjoyLCJtIjoxLCJwIjowLCJzIjowLCJuIjowfQ&amp;corrid=65f367e0-2e6d-49fb-88cd-9d4d8cbf5948,2581
52,52,1264,Preto West End,Steak,2,580.0,3.9,Leicester Square,https://www.opentable.co.uk/r/preto-west-end-london?avt=eyJ2IjoyLCJtIjoxLCJwIjowLCJzIjowLCJuIjowfQ&amp;corrid=65f367e0-2e6d-49fb-88cd-9d4d8cbf5948,2435
53,53,1473,Plum Valley,Chinese,3,2379.0,4.3,Leicester Square,https://www.opentable.co.uk/plum-valley-fine-dining?avt=eyJ2IjoyLCJtIjoxLCJwIjowLCJzIjowLCJuIjowfQ&amp;corrid=65f367e0-2e6d-49fb-88cd-9d4d8cbf5948,2491
54,54,1156,Patara - Soho,Thai,3,3332.0,4.4,Soho,https://www.opentable.co.uk/r/patara-soho-london?avt=eyJ2IjoyLCJtIjoxLCJwIjowLCJzIjowLCJuIjowfQ&amp;corrid=65f367e0-2e6d-49fb-88cd-9d4d8cbf5948,2342
55,55,1296,Baoziinn - Romilly Street,Chinese,2,769.0,3.9,Soho,https://www.opentable.co.uk/r/baozi-inn-romoilly-street-london?avt=eyJ2IjoyLCJtIjoxLCJwIjowLCJzIjowLCJuIjowfQ&amp;corrid=65f367e0-2e6d-49fb-88cd-9d4d8cbf5948,2463
56,56,1391,Barshu,Chinese (Sichuan),3,614.0,4.5,Soho,https://www.opentable.co.uk/r/barshu-london?avt=eyJ2IjoyLCJtIjoxLCJwIjowLCJzIjowLCJuIjowfQ&amp;corrid=65f367e0-2e6d-49fb-88cd-9d4d8cbf5948,2616
57,57,1385,Franco'S,Italian,3,1159.0,4.7,Piccadilly,https://www.opentable.co.uk/francos?avt=eyJ2IjoyLCJtIjoxLCJwIjowLCJzIjowLCJuIjowfQ&amp;corrid=65f367e0-2e6d-49fb-88cd-9d4d8cbf5948,2603
58,58,1276,Cecconi'S Pizza Bar,Italian,2,394.0,4.3,Soho,https://www.opentable.co.uk/r/cecconis-pizza-bar-london-2?avt=eyJ2IjoyLCJtIjoxLCJwIjowLCJzIjowLCJuIjowfQ&amp;corrid=65f367e0-2e6d-49fb-88cd-9d4d8cbf5948,2352
59,59,1450,Bubba Gump Shrimp Co London,American,2,937.0,,Piccadilly,https://www.opentable.co.uk/r/bubba-gump-shrimp-co-london?avt=eyJ2IjoyLCJtIjoxLCJwIjowLCJzIjowLCJuIjowfQ&amp;corrid=65f367e0-2e6d-49fb-88cd-9d4d8cbf5948,2461
60,60,1457,Co&Ko,Korean,2,168.0,4.4,Soho,https://www.opentable.co.uk/r/co-and-ko-london-2?avt=eyJ2IjoyLCJtIjoxLCJwIjowLCJzIjowLCJuIjowfQ&amp;corrid=65f367e0-2e6d-49fb-88cd-9d4d8cbf5948,2281
61,61,1399,The Rum Kitchen - Kingly Court,Latin American,2,587.0,4.1,Soho,https://www.opentable.co.uk/the-rum-kitchen-kingly-court?avt=eyJ2IjoyLCJtIjoxLCJwIjowLCJzIjowLCJuIjowfQ&amp;corrid=65f367e0-2e6d-49fb-88cd-9d4d8cbf5948,2366
62,62,1302,Randall & Aubin,French,3,309.0,4.3,Soho,https://www.opentable.co.uk/randall-and-aubin?avt=eyJ2IjoyLCJtIjoxLCJwIjowLCJzIjowLCJuIjowfQ&amp;corrid=65f367e0-2e6d-49fb-88cd-9d4d8cbf5948,2373
63,63,1329,Andalucia - Spanish Tapas Bar & Restaurant,Spanish,2,434.0,4.2,Soho,https://www.opentable.co.uk/andalucia-spanish-tapas-bar-and-restaurant?avt=eyJ2IjoyLCJtIjoxLCJwIjowLCJzIjowLCJuIjowfQ&amp;corrid=65f367e0-2e6d-49fb-88cd-9d4d8cbf5948,2618
64,64,1339,The Seafood Bar,Seafood,3,21.0,4.4,Soho,https://www.opentable.co.uk/r/the-seafood-bar-london?avt=eyJ2IjoyLCJtIjoxLCJwIjowLCJzIjowLCJuIjowfQ&amp;corrid=65f367e0-2e6d-49fb-88cd-9d4d8cbf5948,2333
65,65,1458,Pho Soho,Vietnamese,2,18.0,4.0,Soho,,2406
66,66,1324,Aqua Nueva,Spanish,4,285.0,4.3,Soho,https://www.opentable.co.uk/aqua-nueva?avt=eyJ2IjoyLCJtIjoxLCJwIjowLCJzIjowLCJuIjowfQ&amp;corrid=65f367e0-2e6d-49fb-88cd-9d4d8cbf5948,2583
67,67,1183,Blanchette,French,2,44.0,4.7,Soho,https://www.opentable.co.uk/r/blanchette-london?avt=eyJ2IjoyLCJtIjoxLCJwIjowLCJzIjowLCJuIjowfQ&amp;corrid=65f367e0-2e6d-49fb-88cd-9d4d8cbf5948,2563
68,68,1378,Al Duca,Italian,3,1210.0,4.5,Piccadilly,https://www.opentable.co.uk/al-duca?avt=eyJ2IjoyLCJtIjoxLCJwIjowLCJzIjowLCJuIjowfQ&amp;corrid=65f367e0-2e6d-49fb-88cd-9d4d8cbf5948,2496
69,69,1375,Bosporus,Middle Eastern,3,313.0,3.9,Leicester Square,https://www.opentable.co.uk/r/bosporus-london?avt=eyJ2IjoyLCJtIjoxLCJwIjowLCJzIjowLCJuIjowfQ&amp;corrid=65f367e0-2e6d-49fb-88cd-9d4d8cbf5948,2607
70,70,1370,Bistro 1 Soho,Middle Eastern,2,42.0,4.4,Soho,https://www.opentable.co.uk/r/bistro-1-soho-london?avt=eyJ2IjoyLCJtIjoxLCJwIjowLCJzIjowLCJuIjowfQ&amp;corrid=65f367e0-2e6d-49fb-88cd-9d4d8cbf5948,2452
71,71,1212,Poppies Soho,Seafood,2,19.0,4.3,Soho,https://www.opentable.co.uk/r/poppies-soho-london?avt=eyJ2IjoyLCJtIjoxLCJwIjowLCJzIjowLCJuIjowfQ&amp;corrid=65f367e0-2e6d-49fb-88cd-9d4d8cbf5948,2297
72,72,1357,Aline Lebanese Kitchen,Middle Eastern,2,167.0,4.6,Oxford Circus,https://www.opentable.co.uk/r/aline-lebanese-kitchen-london?avt=eyJ2IjoyLCJtIjoxLCJwIjowLCJzIjowLCJuIjowfQ&amp;corrid=65f367e0-2e6d-49fb-88cd-9d4d8cbf5948,2552
73,73,1367,Little Italy,Italian,4,31.0,4.1,Soho,https://www.opentable.co.uk/r/little-italy-london?avt=eyJ2IjoyLCJtIjoxLCJwIjowLCJzIjowLCJuIjowfQ&amp;corrid=65f367e0-2e6d-49fb-88cd-9d4d8cbf5948,2453
75,75,1287,Afternoon Tea At Caffe Concerto - 29/31 Piccadilly,Italian,2,113.0,3.6,Piccadilly,https://www.opentable.co.uk/r/afternoon-tea-at-caffe-concerto-29-31-piccadilly-london?avt=eyJ2IjoyLCJtIjoxLCJwIjowLCJzIjowLCJuIjowfQ&amp;corrid=65f367e0-2e6d-49fb-88cd-9d4d8cbf5948,2291
76,76,1273,Pho & Bun,Asian,2,136.0,4.2,Piccadilly,https://www.opentable.co.uk/r/pho-and-bun-london?avt=eyJ2IjoyLCJtIjoxLCJwIjowLCJzIjowLCJuIjowfQ&amp;corrid=65f367e0-2e6d-49fb-88cd-9d4d8cbf5948,2353
77,77,1395,Spaghetti House Argyll Street,Italian,2,48.0,4.3,Oxford Circus,https://www.opentable.co.uk/spaghetti-house-argyll-street?avt=eyJ2IjoyLCJtIjoxLCJwIjowLCJzIjowLCJuIjowfQ&amp;corrid=65f367e0-2e6d-49fb-88cd-9d4d8cbf5948,2556
78,78,1166,Heliot Steak House,Steak,3,3017.0,4.6,Leicester Square,https://www.opentable.co.uk/r/heliot-steak-house-london?avt=eyJ2IjoyLCJtIjoxLCJwIjowLCJzIjowLCJuIjowfQ&amp;corrid=65f367e0-2e6d-49fb-88cd-9d4d8cbf5948,2371
79,79,1249,Afternoon Tea At Caffe Concerto - Shaftsbury Av,Italian,2,72.0,3.6,Piccadilly,https://www.opentable.co.uk/r/afternoon-tea-at-caffe-concerto-shaftsbury-av-london?avt=eyJ2IjoyLCJtIjoxLCJwIjowLCJzIjowLCJuIjowfQ&amp;corrid=65f367e0-2e6d-49fb-88cd-9d4d8cbf5948,2448
80,80,1204,The Stage At The Londoner,Modern European,4,12.0,4.3,Soho,https://www.opentable.co.uk/r/the-stage-london?avt=eyJ2IjoyLCJtIjoxLCJwIjowLCJzIjowLCJuIjowfQ&amp;corrid=65f367e0-2e6d-49fb-88cd-9d4d8cbf5948,2498
81,81,1396,Afternoon Tea At Caffe Concerto - Regent Street,Italian,2,36.0,3.1,Piccadilly,https://www.opentable.co.uk/r/afternoon-tea-at-caffe-concerto-regent-street-london?avt=eyJ2IjoyLCJtIjoxLCJwIjowLCJzIjowLCJuIjowfQ&amp;corrid=65f367e0-2e6d-49fb-88cd-9d4d8cbf5948,2462
82,82,1206,Soho Wala,Indian,2,95.0,3.1,Soho,https://www.opentable.co.uk/r/soho-wala-london?avt=eyJ2IjoyLCJtIjoxLCJwIjowLCJzIjowLCJuIjowfQ&amp;corrid=65f367e0-2e6d-49fb-88cd-9d4d8cbf5948,2342
83,83,1149,Afternoon Tea At Caffe Concerto - 45 Haymarket,Italian,2,29.0,3.8,Piccadilly,https://www.opentable.co.uk/r/afternoon-tea-at-caffe-concerto-45-haymarket-london?avt=eyJ2IjoyLCJtIjoxLCJwIjowLCJzIjowLCJuIjowfQ&amp;corrid=65f367e0-2e6d-49fb-88cd-9d4d8cbf5948,2236
84,84,1183,Amici Lounge Bar & Restaurant,Middle Eastern,3,2.0,,Soho,,2511
85,85,1396,Maison Francois,French,4,8.0,4.3,St. James's,https://www.opentable.co.uk/r/maison-francois-london?avt=eyJ2IjoyLCJtIjoxLCJwIjowLCJzIjowLCJuIjowfQ&amp;corrid=65f367e0-2e6d-49fb-88cd-9d4d8cbf5948,2469
86,86,1357,Mayfair Lounge And Grill,British,3,600.0,,Piccadilly,https://www.opentable.co.uk/r/mayfair-lounge-and-grill-london?avt=eyJ2IjoyLCJtIjoxLCJwIjowLCJzIjowLCJuIjowfQ&amp;corrid=65f367e0-2e6d-49fb-88cd-9d4d8cbf5948,2563
87,87,1282,Slug & Lettuce - Hanover Street,British,2,14.0,3.8,Soho,https://www.opentable.co.uk/r/slug-and-lettuce-hanover-street-london?avt=eyJ2IjoyLCJtIjoxLCJwIjowLCJzIjowLCJuIjowfQ&amp;corrid=65f367e0-2e6d-49fb-88cd-9d4d8cbf5948,2561
88,88,1313,Lords,American,2,3.0,4.0,Soho,https://www.opentable.co.uk/r/lords-london?avt=eyJ2IjoyLCJtIjoxLCJwIjowLCJzIjowLCJuIjowfQ&amp;corrid=65f367e0-2e6d-49fb-88cd-9d4d8cbf5948,2379
89,89,1258,Slug & Lettuce - Leicester Square,International,2,5.0,,Leicester Square,https://www.opentable.co.uk/r/slug-and-lettuce-leicester-square-london?avt=eyJ2IjoyLCJtIjoxLCJwIjowLCJzIjowLCJuIjowfQ&amp;corrid=65f367e0-2e6d-49fb-88cd-9d4d8cbf5948,2407
90,90,1233,St James Tavern Piccadilly,British,2,1.0,5.0,Piccadilly,https://www.opentable.co.uk/r/st-james-tavern-piccadilly-london?avt=eyJ2IjoyLCJtIjoxLCJwIjowLCJzIjowLCJuIjowfQ&amp;corrid=65f367e0-2e6d-49fb-88cd-9d4d8cbf5948,2448
92,92,1420,Temper Covent Garden,Steak,3,1233.0,4.3,Covent Garden,,2357
93,93,1203,Hakkasan Mayfair,Chinese,4,7527.0,4.4,Mayfair,https://www.opentable.co.uk/hakkasan-mayfair?avt=eyJ2IjoyLCJtIjoxLCJwIjowLCJzIjowLCJuIjowfQ&amp;corrid=65f367e0-2e6d-49fb-88cd-9d4d8cbf5948,2440
94,94,1497,Foley'S Restaurant,Asian,3,284.0,4.6,Fitzrovia,,2482
95,95,1318,The Cork & Bottle - Leicester Square,Modern European,2,1003.0,4.8,Leicester Square,,2320
96,96,1279,Hawksmoor Seven Dials,Steak,2,10113.0,4.7,Covent Garden,https://www.opentable.co.uk/hawksmoor-seven-dials?avt=eyJ2IjoyLCJtIjoxLCJwIjowLCJzIjowLCJuIjowfQ&amp;corrid=65f367e0-2e6d-49fb-88cd-9d4d8cbf5948,2331
97,97,1447,Sexy Fish London,Japanese,4,2069.0,4.5,Mayfair,https://www.opentable.co.uk/r/sexy-fish-london?avt=eyJ2IjoyLCJtIjoxLCJwIjowLCJzIjowLCJuIjowfQ&amp;corrid=65f367e0-2e6d-49fb-88cd-9d4d8cbf5948,2524
98,98,1312,Charlie'S,British,4,160.0,4.6,Mayfair,https://www.opentable.co.uk/r/charlies-london?avt=eyJ2IjoyLCJtIjoxLCJwIjowLCJzIjowLCJuIjowfQ&amp;corrid=65f367e0-2e6d-49fb-88cd-9d4d8cbf5948,2273
99,99,1486,J Sheekey - The Restaurant,Seafood,4,1210.0,4.6,Covent Garden,https://www.opentable.co.uk/j-sheekey-the-restaurant?avt=eyJ2IjoyLCJtIjoxLCJwIjowLCJzIjowLCJuIjowfQ&amp;corrid=65f367e0-2e6d-49fb-88cd-9d4d8cbf5948,2603
200,200,1462,Seasons Mayfair,Seafood,4,41.0,4.3,Mayfair,https://www.opentable.co.uk/r/seasons-mayfair-london?avt=eyJ2IjoyLCJtIjoxLCJwIjoxLCJzIjowLCJuIjowfQ&amp;corrid=65f367e0-2e6d-49fb-88cd-9d4d8cbf5948,2433
201,201,1491,Shack-Fuyu,Japanese,3,1602.0,4.6,Soho,https://www.opentable.co.uk/r/shackfuyu-london?avt=eyJ2IjoyLCJtIjoxLCJwIjowLCJzIjowLCJuIjowfQ&amp;corrid=65f367e0-2e6d-49fb-88cd-9d4d8cbf5948,2258
202,202,1483,Bricco E Bacco,Italian,4,70.0,4.5,Fitzrovia,https://www.opentable.co.uk/r/bricco-e-bacco-london?avt=eyJ2IjoyLCJtIjoxLCJwIjoxLCJzIjowLCJuIjowfQ&amp;corrid=65f367e0-2e6d-49fb-88cd-9d4d8cbf5948,2234
203,203,1455,La Rampa,Latin American,3,178.0,4.5,Oxford Circus,https://www.opentable.co.uk/r/la-rampa-london?avt=eyJ2IjoyLCJtIjoxLCJwIjowLCJzIjowLCJuIjowfQ&amp;corrid=65f367e0-2e6d-49fb-88cd-9d4d8cbf5948,2572
204,204,1158,Mr White'S Leicester Square,International,2,155.0,4.0,Charing Cross,https://www.opentable.co.uk/r/mr-whites-leicester-square-london?avt=eyJ2IjoyLCJtIjoxLCJwIjowLCJzIjowLCJuIjowfQ&amp;corrid=65f367e0-2e6d-49fb-88cd-9d4d8cbf5948,2393
205,205,1391,Mnky Hse,Latin American,4,531.0,4.4,Mayfair,https://www.opentable.co.uk/r/mnky-hse-lonon?avt=eyJ2IjoyLCJtIjoxLCJwIjowLCJzIjowLCJuIjowfQ&amp;corrid=65f367e0-2e6d-49fb-88cd-9d4d8cbf5948,2257
206,206,1426,Aubaine Mayfair,French,3,806.0,4.0,Green Park,https://www.opentable.co.uk/r/aubaine-mayfair-london?avt=eyJ2IjoyLCJtIjoxLCJwIjoxLCJzIjowLCJuIjowfQ&amp;corrid=65f367e0-2e6d-49fb-88cd-9d4d8cbf5948,2470
207,207,1488,Steak & Co Leicester Square,Steak,3,1034.0,4.6,Charing Cross,https://www.opentable.co.uk/r/steak-and-co-leicester-square-charing-cross?avt=eyJ2IjoyLCJtIjoxLCJwIjowLCJzIjowLCJuIjowfQ&amp;corrid=65f367e0-2e6d-49fb-88cd-9d4d8cbf5948,2464
208,208,1163,Bill'S Restaurant & Bar - Covent Garden,British,2,1537.0,4.2,Covent Garden,https://www.opentable.co.uk/r/bills-restaurant-and-bar-covent-garden-london?avt=eyJ2IjoyLCJtIjoxLCJwIjowLCJzIjowLCJuIjowfQ&amp;corrid=65f367e0-2e6d-49fb-88cd-9d4d8cbf5948,2284
209,209,1364,Palm Court Brasserie,French,2,13338.0,4.5,Covent Garden,https://www.opentable.co.uk/r/palm-court-brasserie-london?avt=eyJ2IjoyLCJtIjoxLCJwIjowLCJzIjowLCJuIjowfQ&amp;corrid=65f367e0-2e6d-49fb-88cd-9d4d8cbf5948,2369
210,210,1273,The Ivy,Modern European,4,1559.0,4.6,Covent Garden,https://www.opentable.co.uk/r/the-ivy-london?avt=eyJ2IjoyLCJtIjoxLCJwIjowLCJzIjowLCJuIjowfQ&amp;corrid=65f367e0-2e6d-49fb-88cd-9d4d8cbf5948,2551
211,211,1276,Kintan Oxford Circus,Japanese,2,1336.0,4.5,Oxford Circus,https://www.opentable.co.uk/r/kintan-oxford-circus-london?avt=eyJ2IjoyLCJtIjoxLCJwIjowLCJzIjowLCJuIjowfQ&amp;corrid=65f367e0-2e6d-49fb-88cd-9d4d8cbf5948,2356
212,212,1241,Brumus - Haymarket,British,2,2581.0,4.6,Piccadilly,https://www.opentable.co.uk/r/brumus-haymarket-london?avt=eyJ2IjoyLCJtIjoxLCJwIjowLCJzIjowLCJuIjowfQ&amp;corrid=65f367e0-2e6d-49fb-88cd-9d4d8cbf5948,2301
213,213,1247,Maxwell'S,American,2,3360.0,4.3,Covent Garden,https://www.opentable.co.uk/r/maxwells-london?avt=eyJ2IjoyLCJtIjoxLCJwIjowLCJzIjowLCJuIjowfQ&amp;corrid=65f367e0-2e6d-49fb-88cd-9d4d8cbf5948,2499
215,215,1467,Le Garrick - Covent Garden,French,2,3093.0,4.6,Covent Garden,https://www.opentable.co.uk/le-garrick-covent-garden?avt=eyJ2IjoyLCJtIjoxLCJwIjowLCJzIjowLCJuIjowfQ&amp;corrid=65f367e0-2e6d-49fb-88cd-9d4d8cbf5948,2336
216,216,1203,Tamarind,Indian,4,2857.0,4.8,Mayfair,https://www.opentable.co.uk/r/tamarind-of-mayfair-london?avt=eyJ2IjoyLCJtIjoxLCJwIjowLCJzIjowLCJuIjowfQ&amp;corrid=65f367e0-2e6d-49fb-88cd-9d4d8cbf5948,2490
217,217,1447,Cinnamon Bazaar,Indian,2,2119.0,4.4,Covent Garden,https://www.opentable.co.uk/r/cinnamon-bazaar-london?avt=eyJ2IjoyLCJtIjoxLCJwIjowLCJzIjowLCJuIjowfQ&amp;corrid=65f367e0-2e6d-49fb-88cd-9d4d8cbf5948,2517
218,218,1403,Flesh & Buns Covent Garden,Japanese,3,3132.0,4.5,Covent Garden,https://www.opentable.co.uk/flesh-and-buns?avt=eyJ2IjoyLCJtIjoxLCJwIjowLCJzIjowLCJuIjowfQ&amp;corrid=65f367e0-2e6d-49fb-88cd-9d4d8cbf5948,2482
220,220,1286,Tandoor Chop House At Covent Garden,Indian,2,1213.0,4.6,Covent Garden,https://www.opentable.co.uk/r/tandoor-chop-house-at-covent-garden-london?avt=eyJ2IjoyLCJtIjoxLCJwIjowLCJzIjowLCJuIjowfQ&amp;corrid=65f367e0-2e6d-49fb-88cd-9d4d8cbf5948,2501
221,221,1428,The Wolseley,Modern European,3,3713.0,4.7,St. James's,https://www.opentable.co.uk/the-wolseley?avt=eyJ2IjoyLCJtIjoxLCJwIjowLCJzIjowLCJuIjowfQ&amp;corrid=65f367e0-2e6d-49fb-88cd-9d4d8cbf5948,2544
222,222,1393,Scott'S Restaurant,Seafood,4,1145.0,4.8,Mayfair,https://www.opentable.co.uk/r/scotts-restaurant-london?avt=eyJ2IjoyLCJtIjoxLCJwIjowLCJzIjowLCJuIjowfQ&amp;corrid=65f367e0-2e6d-49fb-88cd-9d4d8cbf5948,2291
223,223,1497,Isabel Mayfair,Others,4,326.0,4.6,Mayfair,https://www.opentable.co.uk/r/isabel-mayfair-london?avt=eyJ2IjoyLCJtIjoxLCJwIjowLCJzIjowLCJuIjowfQ&amp;corrid=65f367e0-2e6d-49fb-88cd-9d4d8cbf5948,2276
224,224,1458,Il Cucciolo,Italian,3,676.0,4.6,Piccadilly,https://www.opentable.co.uk/r/il-cucciolo-london?avt=eyJ2IjoyLCJtIjoxLCJwIjowLCJzIjowLCJuIjowfQ&amp;corrid=65f367e0-2e6d-49fb-88cd-9d4d8cbf5948,2398
225,225,1261,P.F. Chang'S Asian Table,Chinese,3,3509.0,3.9,Leicester Square,https://www.opentable.co.uk/r/pf-changs-asian-table-london?avt=eyJ2IjoyLCJtIjoxLCJwIjowLCJzIjowLCJuIjowfQ&amp;corrid=65f367e0-2e6d-49fb-88cd-9d4d8cbf5948,2404
226,226,1236,Steak & Co Garrick Street Covent Garden,Steak,3,678.0,4.6,Covent Garden,https://www.opentable.co.uk/r/steak-and-co-garrick-street-covent-garden-london?avt=eyJ2IjoyLCJtIjoxLCJwIjowLCJzIjowLCJuIjowfQ&amp;corrid=65f367e0-2e6d-49fb-88cd-9d4d8cbf5948,2222
227,227,1253,Flesh & Buns Oxford Circus,Japanese,3,1039.0,4.5,Oxford Circus,https://www.opentable.co.uk/r/flesh-and-buns-fitzrovia-london?avt=eyJ2IjoyLCJtIjoxLCJwIjowLCJzIjowLCJuIjowfQ&amp;corrid=65f367e0-2e6d-49fb-88cd-9d4d8cbf5948,2251
228,228,1497,Blacklock Covent Garden,Steak,2,127.0,4.7,Aldwych,https://www.opentable.co.uk/r/blacklock-covent-garden-london?avt=eyJ2IjoyLCJtIjoxLCJwIjowLCJzIjowLCJuIjowfQ&amp;corrid=65f367e0-2e6d-49fb-88cd-9d4d8cbf5948,2348
229,229,1504,The Riding House Cafe,Modern European,3,3877.0,4.4,Fitzrovia,https://www.opentable.co.uk/the-riding-house-cafe?avt=eyJ2IjoyLCJtIjoxLCJwIjowLCJzIjowLCJuIjowfQ&amp;corrid=65f367e0-2e6d-49fb-88cd-9d4d8cbf5948,2533
230,230,1450,Smith & Wollensky London,Steak,3,2634.0,4.6,Covent Garden,https://www.opentable.co.uk/r/smith-and-wollensky-london?avt=eyJ2IjoyLCJtIjoxLCJwIjowLCJzIjowLCJuIjowfQ&amp;corrid=65f367e0-2e6d-49fb-88cd-9d4d8cbf5948,2512
231,231,1208,Inamo - Covent Garden,Asian,3,4277.0,3.5,Covent Garden,https://www.opentable.co.uk/r/inamo-covent-garden-london?avt=eyJ2IjoyLCJtIjoxLCJwIjowLCJzIjowLCJuIjowfQ&amp;corrid=65f367e0-2e6d-49fb-88cd-9d4d8cbf5948,2476
232,232,1207,Ginza St. James'S,Japanese,4,117.0,4.1,Piccadilly,https://www.opentable.co.uk/r/ginza-st-jamess-london?avt=eyJ2IjoyLCJtIjoxLCJwIjowLCJzIjowLCJuIjowfQ&amp;corrid=65f367e0-2e6d-49fb-88cd-9d4d8cbf5948,2388
233,233,1311,Rossopomodoro - Covent Garden,Italian,2,939.0,4.4,Covent Garden,https://www.opentable.co.uk/r/rossopomodoro-covent-garden-london?avt=eyJ2IjoyLCJtIjoxLCJwIjowLCJzIjowLCJuIjowfQ&amp;corrid=65f367e0-2e6d-49fb-88cd-9d4d8cbf5948,2529
234,234,1370,Cubé Mayfair,Japanese,3,372.0,4.8,Mayfair,https://www.opentable.co.uk/r/cube-mayfair-london?avt=eyJ2IjoyLCJtIjoxLCJwIjowLCJzIjowLCJuIjowfQ&amp;corrid=65f367e0-2e6d-49fb-88cd-9d4d8cbf5948,2530
235,235,1290,123V,Vegetarian / Vegan,2,357.0,4.6,Oxford Circus,https://www.opentable.co.uk/r/123v-london?avt=eyJ2IjoyLCJtIjoxLCJwIjowLCJzIjowLCJuIjowfQ&amp;corrid=65f367e0-2e6d-49fb-88cd-9d4d8cbf5948,2223
236,236,1422,The Rooftop At The Hippodrome Casino,International,4,196.0,4.5,Leicester Square,https://www.opentable.co.uk/r/the-rooftop-at-the-hippodrome-casino-london?avt=eyJ2IjoyLCJtIjoxLCJwIjowLCJzIjowLCJuIjowfQ&amp;corrid=65f367e0-2e6d-49fb-88cd-9d4d8cbf5948,2419
237,237,1209,Brasserie Max - Covent Garden,British,2,941.0,4.6,Leicester Square,https://www.opentable.co.uk/r/brasserie-max-covent-garden-london?avt=eyJ2IjoyLCJtIjoxLCJwIjowLCJzIjowLCJuIjowfQ&amp;corrid=65f367e0-2e6d-49fb-88cd-9d4d8cbf5948,2226
238,238,1279,Plants By Deliciously Ella,Vegetarian / Vegan,3,723.0,4.4,Mayfair,https://www.opentable.co.uk/r/plants-by-deliciously-ella-london?avt=eyJ2IjoyLCJtIjoxLCJwIjowLCJzIjowLCJuIjowfQ&amp;corrid=65f367e0-2e6d-49fb-88cd-9d4d8cbf5948,2287
239,239,1216,Saint Jacques,French,4,227.0,4.7,St. James's,https://www.opentable.co.uk/r/saint-jacques-london?avt=eyJ2IjoyLCJtIjoxLCJwIjowLCJzIjowLCJuIjowfQ&amp;corrid=65f367e0-2e6d-49fb-88cd-9d4d8cbf5948,2517
240,240,1216,Bombay Bustle,Indian,3,632.0,4.7,Mayfair,https://www.opentable.co.uk/r/bombay-bustle-london?avt=eyJ2IjoyLCJtIjoxLCJwIjowLCJzIjowLCJuIjowfQ&amp;corrid=65f367e0-2e6d-49fb-88cd-9d4d8cbf5948,2395
241,241,1494,Lucky Cat By Gordon Ramsay,Asian,4,696.0,4.3,Mayfair,https://www.opentable.co.uk/r/lucky-cat-by-gordon-ramsay-london?avt=eyJ2IjoyLCJtIjoxLCJwIjowLCJzIjowLCJuIjowfQ&amp;corrid=65f367e0-2e6d-49fb-88cd-9d4d8cbf5948,2335
242,242,1360,Sergios,Italian,3,816.0,4.7,Fitzrovia,https://www.opentable.co.uk/r/sergios-london?avt=eyJ2IjoyLCJtIjoxLCJwIjowLCJzIjowLCJuIjowfQ&amp;corrid=65f367e0-2e6d-49fb-88cd-9d4d8cbf5948,2590
243,243,1421,Leicester Square Kitchen,Latin American,4,1325.0,4.5,Leicester Square,https://www.opentable.co.uk/r/leicester-square-kitchen-london?avt=eyJ2IjoyLCJtIjoxLCJwIjowLCJzIjowLCJuIjowfQ&amp;corrid=65f367e0-2e6d-49fb-88cd-9d4d8cbf5948,2282
244,244,1255,It London,Others,4,27.0,4.0,Mayfair,https://www.opentable.co.uk/r/it-london?avt=eyJ2IjoyLCJtIjoxLCJwIjowLCJzIjowLCJuIjowfQ&amp;corrid=65f367e0-2e6d-49fb-88cd-9d4d8cbf5948,2519
245,245,1266,"The Petersham, Covent Garden",Italian,4,1145.0,4.4,Covent Garden,https://www.opentable.co.uk/r/the-petersham-covent-garden-london?avt=eyJ2IjoyLCJtIjoxLCJwIjowLCJzIjowLCJuIjowfQ&amp;corrid=65f367e0-2e6d-49fb-88cd-9d4d8cbf5948,2256
246,246,1123,Jamavar,Indian,4,920.0,4.7,Mayfair,https://www.opentable.co.uk/r/jamavar-london?avt=eyJ2IjoyLCJtIjoxLCJwIjowLCJzIjowLCJuIjowfQ&amp;corrid=65f367e0-2e6d-49fb-88cd-9d4d8cbf5948,2431
247,247,1370,Madera At Treehouse London,Latin American,4,135.0,4.4,Marylebone,https://www.opentable.co.uk/r/madera-at-treehouse-london?avt=eyJ2IjoyLCJtIjoxLCJwIjowLCJzIjowLCJuIjowfQ&amp;corrid=65f367e0-2e6d-49fb-88cd-9d4d8cbf5948,2401
248,248,1410,Prima Sapori D'Italia,Italian,2,411.0,4.3,Covent Garden,https://www.opentable.co.uk/r/prima-sapori-ditalia-london?avt=eyJ2IjoyLCJtIjoxLCJwIjowLCJzIjowLCJuIjowfQ&amp;corrid=65f367e0-2e6d-49fb-88cd-9d4d8cbf5948,2387
249,249,1345,Kikuchi,Japanese,4,154.0,4.8,Fitzrovia,https://www.opentable.co.uk/r/kikuchi-london?avt=eyJ2IjoyLCJtIjoxLCJwIjowLCJzIjowLCJuIjowfQ&amp;corrid=65f367e0-2e6d-49fb-88cd-9d4d8cbf5948,2273
250,250,1479,Gordon Ramsay Street Burger — Charing Cross Road,American,2,181.0,4.0,Bank,https://www.opentable.co.uk/r/gordon-ramsay-street-burger-charing-cross-road-london?avt=eyJ2IjoyLCJtIjoxLCJwIjowLCJzIjowLCJuIjowfQ&amp;corrid=65f367e0-2e6d-49fb-88cd-9d4d8cbf5948,2342
251,251,1162,2 Veneti,Italian,3,1356.0,4.6,Mayfair,https://www.opentable.co.uk/2-veneti?avt=eyJ2IjoyLCJtIjoxLCJwIjowLCJzIjowLCJuIjowfQ&amp;corrid=65f367e0-2e6d-49fb-88cd-9d4d8cbf5948,2323
252,252,1392,L'Ulivo Villiers Street,Italian,3,955.0,4.3,Charing Cross,https://www.opentable.co.uk/lulivo-villiers-street?avt=eyJ2IjoyLCJtIjoxLCJwIjowLCJzIjowLCJuIjowfQ&amp;corrid=65f367e0-2e6d-49fb-88cd-9d4d8cbf5948,2354
253,253,1264,Afternoon Tea At Caffe Concerto Green Park,Italian,2,20.0,3.8,Green Park,https://www.opentable.co.uk/r/afternoon-tea-at-caffe-concerto-green-park-london?avt=eyJ2IjoyLCJtIjoxLCJwIjowLCJzIjowLCJuIjowfQ&amp;corrid=65f367e0-2e6d-49fb-88cd-9d4d8cbf5948,2605
254,254,1168,Beso London,Italian,2,360.0,4.1,Covent Garden,https://www.opentable.co.uk/r/beso-london?avt=eyJ2IjoyLCJtIjoxLCJwIjowLCJzIjowLCJuIjowfQ&amp;corrid=65f367e0-2e6d-49fb-88cd-9d4d8cbf5948,2417
255,255,1306,Big Easy Covent Garden,American,3,6773.0,3.4,Covent Garden,https://www.opentable.co.uk/big-easy-covent-garden?avt=eyJ2IjoyLCJtIjoxLCJwIjowLCJzIjowLCJuIjowfQ&amp;corrid=65f367e0-2e6d-49fb-88cd-9d4d8cbf5948,2319
256,256,1399,Titu,Japanese,3,253.0,4.6,Mayfair,https://www.opentable.co.uk/r/titu-london?avt=eyJ2IjoyLCJtIjoxLCJwIjowLCJzIjowLCJuIjowfQ&amp;corrid=65f367e0-2e6d-49fb-88cd-9d4d8cbf5948,2508
257,257,1308,Oscar Restaurant,Modern European,2,597.0,4.4,Fitzrovia,https://www.opentable.co.uk/r/oscar-restaurant-london?avt=eyJ2IjoyLCJtIjoxLCJwIjowLCJzIjowLCJuIjowfQ&amp;corrid=65f367e0-2e6d-49fb-88cd-9d4d8cbf5948,2401
260,260,1471,Gordon Ramsay Street Burger — Covent Garden,American,2,152.0,4.3,Aldwych,https://www.opentable.co.uk/r/gordon-ramsay-street-burger-covent-garden-london?avt=eyJ2IjoyLCJtIjoxLCJwIjowLCJzIjowLCJuIjowfQ&amp;corrid=65f367e0-2e6d-49fb-88cd-9d4d8cbf5948,2508
261,261,1286,Mariage Frères,French,2,186.0,4.6,Covent Garden,https://www.opentable.co.uk/r/mariage-freres-london?avt=eyJ2IjoyLCJtIjoxLCJwIjowLCJzIjowLCJuIjowfQ&amp;corrid=65f367e0-2e6d-49fb-88cd-9d4d8cbf5948,2288
262,262,1263,45 Jermyn St.,British,4,1305.0,4.7,St. James's,https://www.opentable.co.uk/45-jermyn-st?avt=eyJ2IjoyLCJtIjoxLCJwIjowLCJzIjowLCJuIjowfQ&amp;corrid=65f367e0-2e6d-49fb-88cd-9d4d8cbf5948,2296
263,263,1137,Com Viet,Vietnamese,2,524.0,4.5,Covent Garden,https://www.opentable.co.uk/com-viet?avt=eyJ2IjoyLCJtIjoxLCJwIjowLCJzIjowLCJuIjowfQ&amp;corrid=65f367e0-2e6d-49fb-88cd-9d4d8cbf5948,2568
264,264,1449,Roka - Charlotte Street,Japanese,4,190.0,4.7,Fitzrovia,https://www.opentable.co.uk/r/roka-charlotte-street-and-shochu-lounge-london?avt=eyJ2IjoyLCJtIjoxLCJwIjowLCJzIjowLCJuIjowfQ&amp;corrid=65f367e0-2e6d-49fb-88cd-9d4d8cbf5948,2452
265,265,1249,The Footman - Mayfair,British,2,184.0,4.5,Mayfair,https://www.opentable.co.uk/r/the-footman-mayfair-london?avt=eyJ2IjoyLCJtIjoxLCJwIjowLCJzIjowLCJuIjowfQ&amp;corrid=65f367e0-2e6d-49fb-88cd-9d4d8cbf5948,2264
266,266,1309,Fumo,Italian,2,121.0,4.4,Covent Garden,https://www.opentable.co.uk/r/fumo-london?avt=eyJ2IjoyLCJtIjoxLCJwIjowLCJzIjowLCJuIjowfQ&amp;corrid=65f367e0-2e6d-49fb-88cd-9d4d8cbf5948,2285
267,267,1428,Beast,Steak,4,417.0,4.6,Oxford Circus,https://www.opentable.co.uk/r/beast-london?avt=eyJ2IjoyLCJtIjoxLCJwIjowLCJzIjowLCJuIjowfQ&amp;corrid=65f367e0-2e6d-49fb-88cd-9d4d8cbf5948,2542
268,268,1460,The Game Bird,British,4,481.0,4.6,Green Park,https://www.opentable.co.uk/r/the-game-bird-london?avt=eyJ2IjoyLCJtIjoxLCJwIjowLCJzIjowLCJuIjowfQ&amp;corrid=65f367e0-2e6d-49fb-88cd-9d4d8cbf5948,2546
269,269,1300,Bellamy'S,Modern European,3,281.0,4.6,Mayfair,https://www.opentable.co.uk/bellamys?avt=eyJ2IjoyLCJtIjoxLCJwIjowLCJzIjowLCJuIjowfQ&amp;corrid=65f367e0-2e6d-49fb-88cd-9d4d8cbf5948,2384
270,270,1271,The Restaurant At St Martins Lane London,British,3,118.0,3.5,Leicester Square,https://www.opentable.co.uk/r/the-restaurant-at-st-martins-lane-london?avt=eyJ2IjoyLCJtIjoxLCJwIjowLCJzIjowLCJuIjowfQ&amp;corrid=65f367e0-2e6d-49fb-88cd-9d4d8cbf5948,2424
271,271,1193,Redfarm,Chinese,3,418.0,4.6,Covent Garden,https://www.opentable.co.uk/r/redfarm-london?avt=eyJ2IjoyLCJtIjoxLCJwIjowLCJzIjowLCJuIjowfQ&amp;corrid=65f367e0-2e6d-49fb-88cd-9d4d8cbf5948,2467
272,272,1454,Moc Kitchen,Vietnamese,2,164.0,4.5,Charing Cross,https://www.opentable.co.uk/r/moc-kitchen-london?avt=eyJ2IjoyLCJtIjoxLCJwIjowLCJzIjowLCJuIjowfQ&amp;corrid=65f367e0-2e6d-49fb-88cd-9d4d8cbf5948,2399
273,273,1285,Thai Square Trafalgar Square,Thai,3,1763.0,3.9,Charing Cross,https://www.opentable.co.uk/thai-square-trafalgar-square?avt=eyJ2IjoyLCJtIjoxLCJwIjowLCJzIjowLCJuIjowfQ&amp;corrid=65f367e0-2e6d-49fb-88cd-9d4d8cbf5948,2397
274,274,1173,Kazu,Japanese,4,221.0,4.5,Fitzrovia,https://www.opentable.co.uk/r/kazu-london?avt=eyJ2IjoyLCJtIjoxLCJwIjowLCJzIjowLCJuIjowfQ&amp;corrid=65f367e0-2e6d-49fb-88cd-9d4d8cbf5948,2309
275,275,1378,L'Artiste Muscle,French,2,89.0,4.6,Mayfair,https://www.opentable.co.uk/r/lartiste-muscle-london?avt=eyJ2IjoyLCJtIjoxLCJwIjowLCJzIjowLCJuIjowfQ&amp;corrid=65f367e0-2e6d-49fb-88cd-9d4d8cbf5948,2253
276,276,1406,Bond Street Kitchen,British,3,121.0,4.2,Mayfair,https://www.opentable.co.uk/r/bond-street-kitchen-london?avt=eyJ2IjoyLCJtIjoxLCJwIjowLCJzIjowLCJuIjowfQ&amp;corrid=65f367e0-2e6d-49fb-88cd-9d4d8cbf5948,2472
278,278,1176,Al Hamra,Middle Eastern,3,276.0,4.4,Mayfair,https://www.opentable.co.uk/al-hamra-london?avt=eyJ2IjoyLCJtIjoxLCJwIjowLCJzIjowLCJuIjowfQ&amp;corrid=65f367e0-2e6d-49fb-88cd-9d4d8cbf5948,2407
279,279,1131,Mother Mash Covent Garden,British,2,18.0,3.8,Trafalgar Square,https://www.opentable.co.uk/r/mother-mash-covent-garden-london?avt=eyJ2IjoyLCJtIjoxLCJwIjowLCJzIjowLCJuIjowfQ&amp;corrid=65f367e0-2e6d-49fb-88cd-9d4d8cbf5948,2618
280,280,1227,Gaucho Charlotte Street,Steak,4,1834.0,4.4,Fitzrovia,https://www.opentable.co.uk/gaucho-charlotte-street?avt=eyJ2IjoyLCJtIjoxLCJwIjowLCJzIjowLCJuIjowfQ&amp;corrid=65f367e0-2e6d-49fb-88cd-9d4d8cbf5948,2294
281,281,1158,Da Paolo Restaurant,Italian,3,883.0,4.7,Fitzrovia,https://www.opentable.co.uk/r/da-paolo-restaurant-london?avt=eyJ2IjoyLCJtIjoxLCJwIjowLCJzIjowLCJuIjowfQ&amp;corrid=65f367e0-2e6d-49fb-88cd-9d4d8cbf5948,2415
282,282,1277,Greyhound Cafe,Thai,3,237.0,4.4,Fitzrovia,https://www.opentable.co.uk/r/greyhound-cafe-london?avt=eyJ2IjoyLCJtIjoxLCJwIjowLCJzIjowLCJuIjowfQ&amp;corrid=65f367e0-2e6d-49fb-88cd-9d4d8cbf5948,2446
283,283,1252,May Fair Bar,International,3,50.0,4.3,Mayfair,https://www.opentable.co.uk/r/may-fair-bar-london?avt=eyJ2IjoyLCJtIjoxLCJwIjowLCJzIjowLCJuIjowfQ&amp;corrid=65f367e0-2e6d-49fb-88cd-9d4d8cbf5948,2475
284,284,1178,Kerridge’S Bar & Grill,British,3,80.0,4.6,Westminster,https://www.opentable.co.uk/r/kerridges-bar-and-grill-london?avt=eyJ2IjoyLCJtIjoxLCJwIjowLCJzIjowLCJuIjowfQ&amp;corrid=65f367e0-2e6d-49fb-88cd-9d4d8cbf5948,2226
285,285,1120,Salvador And Amanda Covent Garden,Spanish,2,478.0,4.1,Leicester Square,https://www.opentable.co.uk/salvador-and-amanda?avt=eyJ2IjoyLCJtIjoxLCJwIjowLCJzIjowLCJuIjowfQ&amp;corrid=65f367e0-2e6d-49fb-88cd-9d4d8cbf5948,2272
286,286,1215,Caviar House & Prunier,Seafood,3,83.0,4.8,Green Park,,2388
287,287,1276,Ousia,Greek,2,95.0,4.6,Fitzrovia,https://www.opentable.co.uk/r/ousia-london?avt=eyJ2IjoyLCJtIjoxLCJwIjowLCJzIjowLCJuIjowfQ&amp;corrid=65f367e0-2e6d-49fb-88cd-9d4d8cbf5948,2494
288,288,1235,The Wine Place Covent Garden,Italian,2,115.0,4.6,Soho,https://www.opentable.co.uk/r/the-wine-place-covent-garden?avt=eyJ2IjoyLCJtIjoxLCJwIjowLCJzIjowLCJuIjowfQ&amp;corrid=65f367e0-2e6d-49fb-88cd-9d4d8cbf5948,2458
289,289,1338,The Rooftop,Modern European,3,413.0,3.7,St. James's,https://www.opentable.co.uk/r/the-rooftop-london?avt=eyJ2IjoyLCJtIjoxLCJwIjowLCJzIjowLCJuIjowfQ&amp;corrid=65f367e0-2e6d-49fb-88cd-9d4d8cbf5948,2434
290,290,1360,Queens Of Mayfair,British,2,47.0,4.2,Mayfair,https://www.opentable.co.uk/r/queens-of-mayfair-london?avt=eyJ2IjoyLCJtIjoxLCJwIjowLCJzIjowLCJuIjowfQ&amp;corrid=65f367e0-2e6d-49fb-88cd-9d4d8cbf5948,2603
291,291,1190,Palms Of Goa,Indian,2,12.0,4.6,Fitzrovia,https://www.opentable.co.uk/r/palms-of-goa-london?avt=eyJ2IjoyLCJtIjoxLCJwIjowLCJzIjowLCJuIjowfQ&amp;corrid=65f367e0-2e6d-49fb-88cd-9d4d8cbf5948,2558
292,292,1447,Chesterfield Arms,British,2,24.0,4.5,Mayfair,https://www.opentable.co.uk/r/chesterfield-arms-london?avt=eyJ2IjoyLCJtIjoxLCJwIjowLCJzIjowLCJuIjowfQ&amp;corrid=65f367e0-2e6d-49fb-88cd-9d4d8cbf5948,2558
293,293,1295,Caffe Concerto Green Park,Italian,2,85.0,3.5,Green Park,https://www.opentable.co.uk/caffe-concerto-green-park?avt=eyJ2IjoyLCJtIjoxLCJwIjowLCJzIjowLCJuIjowfQ&amp;corrid=65f367e0-2e6d-49fb-88cd-9d4d8cbf5948,2408
294,294,1352,Bloomsbury Street Kitchen,Others,3,198.0,4.5,Bloomsbury,https://www.opentable.co.uk/r/bloomsbury-street-kitchen-london?avt=eyJ2IjoyLCJtIjoxLCJwIjowLCJzIjowLCJuIjowfQ&amp;corrid=65f367e0-2e6d-49fb-88cd-9d4d8cbf5948,2349
295,295,1399,Archipelago,International,4,396.0,4.6,Fitzrovia,https://www.opentable.co.uk/archipelago-london?avt=eyJ2IjoyLCJtIjoxLCJwIjowLCJzIjowLCJuIjowfQ&amp;corrid=65f367e0-2e6d-49fb-88cd-9d4d8cbf5948,2479
296,296,1162,The Garden At Corinthia London,Modern European,2,181.0,4.6,Charing Cross,https://www.opentable.co.uk/r/the-garden-at-corinthia-london?avt=eyJ2IjoyLCJtIjoxLCJwIjowLCJzIjowLCJuIjowfQ&amp;corrid=65f367e0-2e6d-49fb-88cd-9d4d8cbf5948,2512
297,297,1310,Wild Honey Terrace At Sofitel,Others,3,17.0,4.6,Charing Cross,https://www.opentable.co.uk/r/wild-honey-terrace-at-sofitel-london?avt=eyJ2IjoyLCJtIjoxLCJwIjowLCJzIjowLCJuIjowfQ&amp;corrid=65f367e0-2e6d-49fb-88cd-9d4d8cbf5948,2561
298,298,1188,Da Henrietta,Italian,3,369.0,4.2,Covent Garden,https://www.opentable.co.uk/r/da-henrietta-london?avt=eyJ2IjoyLCJtIjoxLCJwIjowLCJzIjowLCJuIjowfQ&amp;corrid=65f367e0-2e6d-49fb-88cd-9d4d8cbf5948,2451
299,299,1136,Caffe Concerto - Whitehall,Italian,2,77.0,4.3,Piccadilly,https://www.opentable.co.uk/r/caffe-concerto-whitehall-london?avt=eyJ2IjoyLCJtIjoxLCJwIjowLCJzIjowLCJuIjowfQ&amp;corrid=65f367e0-2e6d-49fb-88cd-9d4d8cbf5948,2347